company_name,exchange
20 Microns Limited,NSE
21st Century Management Services Limited,NSE
360 ONE WAM LIMITED,NSE
3i Infotech Limited,NSE
3M India Limited,NSE
3P Land Holdings Limited,NSE
5Paisa Capital Limited,NSE
63 moons technologies limited,NSE
A2Z Infra Engineering Limited,NSE
AAA Technologies Limited,NSE
Aadhar Housing Finance Limited,NSE
Aakash Exploration Services Limited,NSE
Aarey Drugs & Pharmaceuticals Limited,NSE
Aaron Industries Limited,NSE
Aartech Solonics Limited,NSE
Aarti Drugs Limited,NSE
Aarti Industries Limited,NSE
Aarti Pharmalabs Limited,NSE
Aarti Surfactants Limited,NSE
Aarvi Encon Limited,NSE
Aavas Financiers Limited,NSE
Aban Offshore Limited,NSE
ABB India Limited,NSE
Abbott India Limited,NSE
Aditya Birla Capital Limited,NSE
A B Cotspin India Limited,NSE
Allied Blenders and Distillers Limited,NSE
Aditya Birla Fashion and Retail Limited,NSE
A B Infrabuild Limited,NSE
Aditya Birla Lifestyle Brands Limited,NSE
ABM International Limited,NSE
Aditya Birla Real Estate Limited,NSE
Aditya Birla Sun Life AMC Limited,NSE
ACC Limited,NSE
Accelya Solutions India Limited,NSE
Accuracy Shipping Limited,NSE
Action Construction Equipment Limited,NSE
Ace Integrated Solutions Limited,NSE
Archean Chemical Industries Limited,NSE
Andhra Cements Limited,NSE
Acme Solar Holdings Limited,NSE
Acutaas Chemicals Limited,NSE
Adani Energy Solutions Limited,NSE
Adani Enterprises Limited,NSE
Adani Green Energy Limited,NSE
Adani Ports and Special Economic Zone Limited,NSE
Adani Power Limited,NSE
ADF Foods Limited,NSE
Archidply Decor Limited,NSE
Ador Welding Limited,NSE
Adroit Infotech Limited,NSE
Allied Digital Services Limited,NSE
Advance Agrolife Limited,NSE
Advani Hotels & Resorts (India) Limited,NSE
Advent Hotels International Limited,NSE
Advanced Enzyme Technologies Limited,NSE
Aegis Logistics Limited,NSE
Aegis Vopak Terminals Limited,NSE
Aequs Limited,NSE
Aeroflex Enterprises Limited,NSE
Aeroflex Industries Limited,NSE
Aeroflex Neu Limited,NSE
Aether Industries Limited,NSE
Afcons Infrastructure Limited,NSE
Affle 3i Limited,NSE
Affordable Robotic & Automation Limited,NSE
Akme Fintrade (India) Limited,NSE
Abans Financial Services Limited,NSE
Agarwal Industrial Corporation Limited,NSE
Dr. Agarwal's Health Care Limited,NSE
AGI Greenpac Limited,NSE
Agi Infra Limited,NSE
Agri-Tech (India) Limited,NSE
Agro Phos India Limited,NSE
AGS Transact Technologies Limited,NSE
Anlon Healthcare Limited,NSE
Ahlada Engineers Limited,NSE
Asian Hotels (East) Limited,NSE
Ahluwalia Contracts (India) Limited,NSE
AIA Engineering Limited,NSE
Authum Investment & Infrastructure Limited,NSE
Airan Limited,NSE
Airo Lam limited,NSE
Ajanta Pharma Limited,NSE
Ajax Engineering Limited,NSE
Ajmera Realty & Infra India Limited,NSE
Ajooni Biotech Limited,NSE
Akash Infra-Projects Limited,NSE
Akg Exim Limited,NSE
AKI India Limited,NSE
Akshar Spintex Limited,NSE
AksharChem India Limited,NSE
Aksh Optifibre Limited,NSE
Akums Drugs and Pharmaceuticals Limited,NSE
Akzo Nobel India Limited,NSE
Alankit Limited,NSE
Albert David Limited,NSE
Alembic Limited,NSE
Algoquant Fintech Limited,NSE
Alicon Castalloy Limited,NSE
Alivus Life Sciences Limited,NSE
Alkali Metals Limited,NSE
Alkem Laboratories Limited,NSE
Alkyl Amines Chemicals Limited,NSE
Allcargo Logistics Limited,NSE
Alldigi Tech Limited,NSE
All Time Plastics Limited,NSE
Almondz Global Securities Limited,NSE
Alok Industries Limited,NSE
Alpa Laboratories Limited,NSE
Alphageo (India) Limited,NSE
Amanta Healthcare Limited,NSE
Amber Enterprises India Limited,NSE
Ambica Agarbathies & Aroma industries Limited,NSE
Ambika Cotton Mills Limited,NSE
Ambuja Cements Limited,NSE
AMD Industries Limited,NSE
Amj Land Holdings Limited,NSE
Amines & Plasticizers Limited,NSE
Amrutanjan Health Care Limited,NSE
Anand Rathi Wealth Limited,NSE
Anant Raj Limited,NSE
ANDHRA PAPER LIMITED,NSE
The Andhra Sugars Limited,NSE
Angel One Limited,NSE
Anik Industries Limited,NSE
Ankit Metal & Power Limited,NSE
Anmol India Limited,NSE
Ansal Properties & Infrastructure Limited,NSE
Antelopus Selan Energy Limited,NSE
Antarctica Limited,NSE
Anthem Biosciences Limited,NSE
Anuh Pharma Limited,NSE
The Anup Engineering Limited,NSE
Anupam Rasayan India Limited,NSE
Apar Industries Limited,NSE
Anjani Portland Cement Limited,NSE
Apcotex Industries Limited,NSE
Apex Frozen Foods Limited,NSE
APL Apollo Tubes Limited,NSE
Alembic Pharmaceuticals Limited,NSE
Apollo Micro Systems Limited,NSE
Apollo Hospitals Enterprise Limited,NSE
Apollo Pipes Limited,NSE
Apollo Tyres Limited,NSE
Apollo Sindoori Hotels Limited,NSE
Aptech Limited,NSE
Aptus Value Housing Finance India Limited,NSE
Archidply Industries Limited,NSE
Archies Limited,NSE
Amara Raja Energy & Mobility Limited,NSE
Rajdarshan Industries Limited,NSE
Arfin India Limited,NSE
Aries Agro Limited,NSE
Arihant Capital Markets Limited,NSE
Arihant Superstructures Limited,NSE
Arisinfra Solutions Limited,NSE
Arkade Developers Limited,NSE
Arman Financial Services Limited,NSE
Aro Granite Industries Limited,NSE
Arrow Greentech Limited,NSE
Arshiya Limited,NSE
Anand Rathi Share and Stock Brokers Limited,NSE
Artemis Medicare Services Limited,NSE
Art Nirman Limited,NSE
Arvee Laboratories (India) Limited,NSE
Arvind Limited,NSE
Arvind Fashions Limited,NSE
Arvind SmartSpaces Limited,NSE
Asahi India Glass Limited,NSE
Asahi Songwon Colors Limited,NSE
Automotive Stampings and Assemblies Limited,NSE
Associated Alcohols & Breweries Ltd.,NSE
Ashapura Minechem Limited,NSE
Ashiana Housing Limited,NSE
Ashima Limited,NSE
Ashoka Buildcon Limited,NSE
Ashoka Metcast Limited,NSE
Ashok Leyland Limited,NSE
Asian Energy Services Limited,NSE
Asian Hotels (North) Limited,NSE
Asian Paints Limited,NSE
Asian Granito India Limited,NSE
ASK Automotive Limited,NSE
Bartronics India Limited,NSE
Aspinwall and Company Limited,NSE
Astec LifeSciences Limited,NSE
Aster DM Healthcare Limited,NSE
Astral Limited,NSE
Astra Microwave Products Limited,NSE
AstraZeneca Pharma India Limited,NSE
Astron Paper & Board Mill Limited,NSE
Atal Realtech Limited,NSE
Atam Valves Limited,NSE
Adani Total Gas Limited,NSE
Ather Energy Limited,NSE
Allcargo Terminals Limited,NSE
ATLANTAA LIMITED,NSE
Atlanta Electricals Limited,NSE
Atlas Cycles (Haryana) Limited,NSE
Atul Limited,NSE
Atul Auto Limited,NSE
AU Small Finance Bank Limited,NSE
Auri Grow India Limited,NSE
Aurionpro Solutions Limited,NSE
Aurobindo Pharma Limited,NSE
Aurum PropTech Limited,NSE
Ausom Enterprise Limited,NSE
Automotive Axles Limited,NSE
Autoline Industries Limited,NSE
Avadh Sugar & Energy Limited,NSE
Avalon Technologies Limited,NSE
Avantel Limited,NSE
Avanti Feeds Limited,NSE
AVG Logistics Limited,NSE
Aditya Vision Limited,NSE
Avonmore Capital & Management Services Limited,NSE
AVRO INDIA LIMITED,NSE
AVT Natural Products Limited,NSE
Awfis Space Solutions Limited,NSE
Antony Waste Handling Cell Limited,NSE
AWL Agri Business Limited,NSE
Axis Bank Limited,NSE
AXISCADES Technologies Limited,NSE
Axita Cotton Limited,NSE
AYM Syntex Limited,NSE
Azad Engineering Limited,NSE
Bafna Pharmaceuticals Limited,NSE
B.A.G Films and Media Limited,NSE
Baid Finserv Limited,NSE
Bajaj Auto Limited,NSE
Bajaj Consumer Care Limited,NSE
Bajaj Electricals Limited,NSE
Bajaj Finserv Limited,NSE
Bajaj Healthcare Limited,NSE
Bajaj Housing Finance Limited,NSE
Bajaj Hindusthan Sugar Limited,NSE
Bajaj Holdings & Investment Limited,NSE
Indef Manufacturing Limited,NSE
Bajel Projects Limited,NSE
Bajaj Finance Limited,NSE
Shree Tirupati Balajee Agro Trading Company Limited,NSE
Balaji Telefilms Limited,NSE
Balaji Amines Limited,NSE
BALAXI PHARMACEUTICALS LIMITED,NSE
Balkrishna Paper Mills Limited,NSE
Balkrishna Industries Limited,NSE
Balmer Lawrie & Company Limited,NSE
Bal Pharma Limited,NSE
Balrampur Chini Mills Limited,NSE
Balu Forge Industries Limited,NSE
Banaras Beads Limited,NSE
Bannari Amman Sugars Limited,NSE
Banco Products (I) Limited,NSE
Bandhan Bank Limited,NSE
Bang Overseas Limited,NSE
Banka BioLoo Limited,NSE
Bank of Baroda,NSE
Bank of India,NSE
Bansal Wire Industries Limited,NSE
Banswara Syntex Limited,NSE
BASF India Limited,NSE
Bannari Amman Spinning Mills Limited,NSE
Bata India Limited,NSE
Bayer Cropscience Limited,NSE
Bharat Bijlee Limited,NSE
Black Box Limited,NSE
Bombay Burmah Trading Corporation Limited,NSE
B&B Triplewall Containers Limited,NSE
Brightcom Group Limited,NSE
Bcl Industries Limited,NSE
Brand Concepts Limited,NSE
Bharat Dynamics Limited,NSE
Beardsell Limited,NSE
Mrs. Bectors Food Specialities Limited,NSE
Bedmutha Industries Limited,NSE
Bharat Electronics Limited,NSE
Bella Casa Fashion & Retail Limited,NSE
Belrise Industries Limited,NSE
BEML Limited,NSE
Bhansali Engineering Polymers Limited,NSE
Berger Paints (I) Limited,NSE
Best Agrolife Limited,NSE
Beta Drugs Limited,NSE
BF Investment Limited,NSE
BF Utilities Limited,NSE
BGR Energy Systems Limited,NSE
Bhagiradha Chemicals & Industries Limited,NSE
Bhageria Industries Limited,NSE
Bhagyanagar India Limited,NSE
Bhandari Hosiery Exports Limited,NSE
Bharat Forge Limited,NSE
Bharat Gears Limited,NSE
Bharat Rasayan Limited,NSE
Bharat Seats Limited,NSE
Bharat Wire Ropes Limited,NSE
Bharti Airtel Limited,NSE
Bharti Hexacom Limited,NSE
Bharat Heavy Electricals Limited,NSE
Bigbloc Construction Limited,NSE
Bikaji Foods International Limited,NSE
Bhartiya International Limited,NSE
BIL VYAPAR LIMITED,NSE
Biocon Limited,NSE
Biofil Chemicals & Pharmaceuticals Limited,NSE
Birla Cable Limited,NSE
Birla Corporation Limited,NSE
Aditya Birla Money Limited,NSE
BirlaNu Limited,NSE
BLACKBUCK LIMITED,NSE
BEML Land Assets Limited,NSE
BLB Limited,NSE
Bliss GVS Pharma Limited,NSE
B. L. Kashyap and Sons Limited,NSE
BLS International Services Limited,NSE
BLS E-Services Limited,NSE
Blue Coast Hotels Limited,NSE
Blue Dart Express Limited,NSE
Blue Jet Healthcare Limited,NSE
Blue Star Limited,NSE
BlueStone Jewellery and Lifestyle Limited,NSE
Bluspring Enterprises Limited,NSE
BMW Ventures Limited,NSE
Bodal Chemicals Limited,NSE
Bohra Industries Limited,NSE
Bombay Dyeing & Mfg Company Limited,NSE
Borana Weaves Limited,NSE
Borosil Limited,NSE
BOROSIL RENEWABLES LIMITED,NSE
Borosil Scientific Limited,NSE
BOSCH HOME COMFORT INDIA LIMITED,NSE
Bosch Limited,NSE
Bharat Petroleum Corporation Limited,NSE
BPL Limited,NSE
Brigade Enterprises Limited,NSE
Brigade Hotel Ventures Limited,NSE
Britannia Industries Limited,NSE
Bharat Road Network Limited,NSE
Brooks Laboratories Limited,NSE
BSE Limited,NSE
Bombay Super Hybrid Seeds Limited,NSE
BSL Limited,NSE
BIRLASOFT LIMITED,NSE
Bodhi Tree Multimedia Limited,NSE
Butterfly Gandhimathi Appliances Limited,NSE
Barak Valley Cements Limited,NSE
The Byke Hospitality Ltd,NSE
California Software Company Limited,NSE
Camlin Fine Sciences Limited,NSE
Campus Activewear Limited,NSE
Computer Age Management Services Limited,NSE
Canara Bank,NSE
Can Fin Homes Limited,NSE
Canara HSBC Life Insurance Company Limited,NSE
Cantabil Retail India Limited,NSE
Capacit'e Infraprojects Limited,NSE
Capillary Technologies India Limited,NSE
Capital Small Finance Bank Limited,NSE
Caplin Point Laboratories Limited,NSE
Capital Trust Limited,NSE
Carborundum Universal Limited,NSE
CARE Ratings Limited,NSE
Carraro India Limited,NSE
Cartrade Tech Limited,NSE
CARYSIL LIMITED,NSE
Castrol India Limited,NSE
Consolidated Construction Consortium Limited,NSE
Country Club Hospitality & Holidays Limited,NSE
CCL Products (India) Limited,NSE
Central Depository Services (India) Limited,NSE
CEAT Limited,NSE
Ceigall India Limited,NSE
Celebrity Fashions Limited,NSE
Cello World Limited,NSE
Cemindia Projects Limited,NSE
Century Enka Limited,NSE
Century Extrusions Limited,NSE
Central Bank of India,NSE
Centrum Capital Limited,NSE
Centum Electronics Limited,NSE
Century Plyboards (India) Limited,NSE
Cera Sanitaryware Limited,NSE
Cerebra Integrated Technologies Limited,NSE
CESC Limited,NSE
Concord Enviro Systems Limited,NSE
Capri Global Capital Limited,NSE
CG Power and Industrial Solutions Limited,NSE
Chalet Hotels Limited,NSE
Chambal Fertilizers & Chemicals Limited,NSE
Chembond Material Technologies Limited,NSE
Chembond Chemicals Limited,NSE
Chemcon Speciality Chemicals Limited,NSE
Chemfab Alkalis Limited,NSE
Chemplast Sanmar Limited,NSE
Chennai Petroleum Corporation Limited,NSE
Cheviot Company Limited,NSE
Choice International Limited,NSE
Cholamandalam Investment and Finance Company Limited,NSE
Cholamandalam Financial Holdings Limited,NSE
CIE Automotive India Limited,NSE
Capital India Finance Limited,NSE
Cigniti Technologies Limited,NSE
Cineline India Limited,NSE
Cinevista Limited,NSE
Cipla Limited,NSE
Clean Science and Technology Limited,NSE
CL Educate Limited,NSE
Chaman Lal Setia Exports Limited,NSE
CMS Info Systems Limited,NSE
Creative Newtech Limited,NSE
Coal India Limited,NSE
Coastal Corporation Limited,NSE
Cochin Shipyard Limited,NSE
Coffee Day Enterprises Limited,NSE
Coforge Limited,NSE
Cohance Lifesciences Limited,NSE
Colgate Palmolive (India) Limited,NSE
Compuage Infocom Limited,NSE
Compucom Software Limited,NSE
Commercial Syn Bags Limited,NSE
Container Corporation of India Limited,NSE
Concord Biotech Limited,NSE
Confidence Petroleum India Limited,NSE
Consolidated Finvest & Holdings Limited,NSE
Control Print Limited,NSE
Coral India Finance & Housing Limited,NSE
Cords Cable Industries Limited,NSE
Coromandel International Limited,NSE
CORONA Remedies Limited,NSE
COSMO FIRST LIMITED,NSE
Country Condo's Limited,NSE
CP Capital Limited,NSE
Career Point Edutech Limited,NSE
Aditya Infotech Limited,NSE
Craftsman Automation Limited,NSE
Canara Robeco Asset Management Company Limited,NSE
Creative Eye Limited,NSE
CREDITACCESS GRAMEEN LIMITED,NSE
Crest Ventures Limited,NSE
CRISIL Limited,NSE
Crizac Limited,NSE
Crompton Greaves Consumer Electricals Limited,NSE
Crown Lifters Limited,NSE
CSB Bank Limited,NSE
CSL Finance Limited,NSE
Cambridge Technology Enterprises Limited,NSE
City Union Bank Limited,NSE
Cubex Tubings Limited,NSE
Cummins India Limited,NSE
Cupid Limited,NSE
Cura Technologies Limited,NSE
Cyber Media (India) Limited,NSE
Cybertech Systems And Software Limited,NSE
Cyient Limited,NSE
Cyient DLM Limited,NSE
Dabur India Limited,NSE
Dalmia Bharat Limited,NSE
Dalmia Bharat Sugar and Industries Limited,NSE
Dam Capital Advisors Limited,NSE
Damodar Industries Limited,NSE
Dangee Dums Limited,NSE
Datamatics Global Services Limited,NSE
Data Patterns (India) Limited,NSE
Davangere Sugar Company Limited,NSE
D.B.Corp Limited,NSE
Deepak Builders & Engineers India Limited,NSE
Dilip Buildcon Limited,NSE
Dhampur Bio Organics Limited,NSE
Valor Estate Limited,NSE
DB (International) Stock Brokers Limited,NSE
Dishman Carbogen Amcis Limited,NSE
DCB Bank Limited,NSE
Dc Infotech And Communication Limited,NSE
DCM  Limited,NSE
DCM Financial Services Limited,NSE
DCM Nouvelle Limited,NSE
DCM Shriram Limited,NSE
DCM Shriram Industries Limited,NSE
DCW Limited,NSE
DCX Systems Limited,NSE
Ddev Plastiks Industries Limited,NSE
Deccan Cements Limited,NSE
DEE Development Engineers Limited,NSE
Deepak Fertilizers and Petrochemicals Corporation Limited,NSE
Deepak Nitrite Limited,NSE
Deep Industries Limited,NSE
Delhivery Limited,NSE
DELPHI WORLD MONEY LIMITED,NSE
Delta Corp Limited,NSE
Delta Manufacturing Limited,NSE
Den Networks Limited,NSE
De Nora India Limited,NSE
Denta Water and Infra Solutions Limited,NSE
Dev Information Technology Limited,NSE
Dev Accelerator Limited,NSE
Devyani International Limited,NSE
Digicontent Limited,NSE
Dhampur Sugar Mills Limited,NSE
Dhanlaxmi Bank Limited,NSE
Dhanuka Agritech Limited,NSE
DHARAN INFRA-EPC LIMITED,NSE
Dharmaj Crop Guard Limited,NSE
Dhruv Consultancy Services Limited,NSE
Dhunseri Investments Limited,NSE
Diamond Power Infrastructure Limited,NSE
Diamines & Chemicals Limited,NSE
Prataap Snacks Limited,NSE
DIC India Limited,NSE
Diffusion Engineers Limited,NSE
Digidrive Distributors Limited,NSE
DiGiSPICE Technologies Limited,NSE
Digitide Solutions Limited,NSE
Digjam Limited,NSE
Debock Industries Limited,NSE
Dish TV India Limited,NSE
Divgi Torqtransfer Systems Limited,NSE
Divi's Laboratories Limited,NSE
Dixon Technologies (India) Limited,NSE
DJ Mediaprint & Logistics Limited,NSE
DLF Limited,NSE
D-Link (India) Limited,NSE
Avenue Supermarts Limited,NSE
DMCC SPECIALITY CHEMICALS LIMITED,NSE
Diligent Media Corporation Limited,NSE
Dodla Dairy Limited,NSE
Dolat Algotech Limited,NSE
Dollar Industries Limited,NSE
Dolphin Offshore Enterprises (India) Limited,NSE
DOMS Industries Limited,NSE
Donear Industries Limited,NSE
D. P. Abhushan Limited,NSE
DPSC Limited,NSE
D P Wires Limited,NSE
DRC Systems India Limited,NSE
Dreamfolks Services Limited,NSE
Dredging Corporation of India Limited,NSE
Dr. Reddy's Laboratories Limited,NSE
Dynacons Systems & Solutions Limited,NSE
Dhunseri Tea & Industries Limited,NSE
Ducon Infratechnologies Limited,NSE
Dhunseri Ventures Limited,NSE
Dwarikesh Sugar Industries Limited,NSE
Dynamic Cables Limited,NSE
Dynamatic Technologies Limited,NSE
Dynemic Products Limited,NSE
E2E Networks Limited,NSE
Easy Trip Planners Limited,NSE
GNG Electronics Limited,NSE
eClerx Services Limited,NSE
Ecos (India) Mobility & Hospitality Limited,NSE
Edelweiss Financial Services Limited,NSE
EFC (I) Limited,NSE
Eicher Motors Limited,NSE
EID Parry India Limited,NSE
Enviro Infra Engineers Limited,NSE
Euro India Fresh Foods Limited,NSE
EIH Associated Hotels Limited,NSE
EIH Limited,NSE
Eimco Elecon (India) Limited,NSE
Everest Kanto Cylinder Limited,NSE
Eldeco Housing And Industries Limited,NSE
Elecon Engineering Company Limited,NSE
Electrosteel Castings Limited,NSE
Electrotherm (India) Limited,NSE
Elgi Equipments Limited,NSE
Elgi Rubber Company Limited,NSE
Elin Electronics Limited,NSE
Ellenbarrie Industrial Gases Limited,NSE
Emami Limited,NSE
Emami Paper Mills Limited,NSE
Emami Realty Limited,NSE
Embassy Developments Limited,NSE
Emcure Pharmaceuticals Limited,NSE
Electronics Mart India Limited,NSE
Emkay Global Financial Services Limited,NSE
Emmbi Industries Limited,NSE
Emmvee Photovoltaic Power Limited,NSE
EMS Limited,NSE
eMudhra Limited,NSE
Endurance Technologies Limited,NSE
Energy Development Company Limited,NSE
Engineers India Limited,NSE
Entertainment Network (India) Limited,NSE
Siemens Energy India Limited,NSE
Entero Healthcare Solutions Limited,NSE
EPACK Durable Limited,NSE
EPack Prefab Technologies Limited,NSE
Epigral Limited,NSE
EPL Limited,NSE
Equippp Social Impact Technologies Limited,NSE
Equitas Small Finance Bank Limited,NSE
Eris Lifesciences Limited,NSE
Esab India Limited,NSE
ESAF Small Finance Bank Limited,NSE
Escorts Kubota Limited,NSE
Essar Shipping Limited,NSE
Integra Essentia Limited,NSE
Ester Industries Limited,NSE
ETERNAL LIMITED,NSE
Ethos Limited,NSE
Eureka Forbes Limited,NSE
Euro Panel Products Limited,NSE
Euro Pratik Sales Limited,NSE
Eurotex Industries and Exports Limited,NSE
Eveready Industries India Limited,NSE
Everest Industries Limited,NSE
Excel Realty N Infra Limited,NSE
Excel Industries Limited,NSE
Excelsoft Technologies Limited,NSE
Exicom Tele-Systems Limited,NSE
Exide Industries Limited,NSE
Expleo Solutions Limited,NSE
Exxaro Tiles Limited,NSE
Fabtech Technologies Limited,NSE
Fertilizers and Chemicals Travancore Limited,NSE
Fairchem Organics Limited,NSE
Faze Three Limited,NSE
Fineotex Chemical Limited,NSE
FCS Software Solutions Limited,NSE
FDC Limited,NSE
The Federal Bank  Limited,NSE
Fedbank Financial Services Limited,NSE
Future Enterprises Limited,NSE
Fiberweb (India) Limited,NSE
Fiem Industries Limited,NSE
Filatex India Limited,NSE
Filatex Fashions Limited,NSE
Finolex Cables Limited,NSE
Fine Organic Industries Limited,NSE
Finkurve Financial Services Limited,NSE
Fino Payments Bank Limited,NSE
Finolex Industries Limited,NSE
Brainbees Solutions Limited,NSE
Fischer Medical Ventures Limited,NSE
Five-Star Business Finance Limited,NSE
Flair Writing Industries Limited,NSE
Flexituff Ventures International Limited,NSE
Future Lifestyle Fashions Limited,NSE
Gujarat Fluorochemicals Limited,NSE
Federal-Mogul Goetze (India) Limited.,NSE
Future Market Networks Limited,NSE
Focus Lighting and Fixtures Limited,NSE
Foods & Inns Limited,NSE
FORCE MOTORS LTD,NSE
Fortis Healthcare Limited,NSE
Foseco India Limited,NSE
Firstsource Solutions Limited,NSE
Fusion Finance Limited,NSE
Gabriel India Limited,NSE
Gujarat Ambuja Exports Limited,NSE
GAIL (India) Limited,NSE
Gala Precision Engineering Limited,NSE
Galaxy Surfactants Limited,NSE
Gallantt Ispat Limited,NSE
Gandhar Oil Refinery (India) Limited,NSE
Gandhi Special Tubes Limited,NSE
Ganesha Ecosphere Limited,NSE
Ganesh Benzoplast Limited,NSE
Ganesh Consumer Products Limited,NSE
GANESH HOUSING LIMITED,NSE
Ganga Forging Limited,NSE
Ganges Securities Limited,NSE
Garware Technical Fibres Limited,NSE
Garuda Construction and Engineering Limited,NSE
GACM Technologies Limited,NSE
Gateway Distriparks Limited,NSE
Gayatri Highways Limited,NSE
Gretex Corporate Services Limited,NSE
GeeCee Ventures Limited,NSE
Geekay Wires Limited,NSE
Gem Aromatics Limited,NSE
Generic Engineering Construction and Projects Limited,NSE
Genesys International Corporation Limited,NSE
Gensol Engineering Limited,NSE
Genus Paper & Boards Limited,NSE
Genus Power Infrastructures Limited,NSE
Geojit Financial Services Limited,NSE
The Great Eastern Shipping Company Limited,NSE
GFL Limited,NSE
GHCL Limited,NSE
GHCL Textiles Limited,NSE
GIC Housing Finance Limited,NSE
General Insurance Corporation of India,NSE
Gillanders Arbuthnot & Company Limited,NSE
Gillette India Limited,NSE
Ginni Filaments Limited,NSE
Gujarat Industries Power Company Limited,NSE
GK Energy Limited,NSE
Gujarat Kidney And Super Speciality Limited,NSE
GKW Limited,NSE
Gland Pharma Limited,NSE
GlaxoSmithKline Pharmaceuticals Limited,NSE
Glenmark Pharmaceuticals Limited,NSE
Global Education Limited,NSE
Globale Tessile Limited,NSE
Global Vectra Helicorp Limited,NSE
GLOBE ENTERPRISES (INDIA) LIMITED,NSE
Globe Civil Projects Limited,NSE
Globus Spirits Limited,NSE
Gloster Limited,NSE
Glottis Limited,NSE
GM Breweries Limited,NSE
Gujarat Mineral Development Corporation Limited,NSE
GMM Pfaudler Limited,NSE
GMR AIRPORTS LIMITED,NSE
GMR Power and Urban Infra Limited,NSE
GNA Axles Limited,NSE
Gujarat Narmada Valley Fertilizers and Chemicals Limited,NSE
Goa Carbon Limited,NSE
GOCL Corporation Limited,NSE
Go Fashion (India) Limited,NSE
Godavari Biorefineries Limited,NSE
Godfrey Phillips India Limited,NSE
Go Digit General Insurance Limited,NSE
Godrej Agrovet Limited,NSE
Godrej Consumer Products Limited,NSE
Godrej Industries Limited,NSE
Godrej Properties Limited,NSE
Gokaldas Exports Limited,NSE
Gokul Refoils and Solvent Limited,NSE
Gokul Agro Resources Limited,NSE
Golden Tobacco Limited,NSE
Goldiam International Limited,NSE
AION-TECH SOLUTIONS LIMITED,NSE
Goodluck India Limited,NSE
Gopal Snacks Limited,NSE
Goyal Aluminiums Limited,NSE
Godawari Power And Ispat limited,NSE
Gujarat Pipavav Port Limited,NSE
GPT Healthcare Limited,NSE
GPT Infraprojects Limited,NSE
Granules India Limited,NSE
Graphite India Limited,NSE
Grasim Industries Limited,NSE
Gravita India Limited,NSE
Greaves Cotton Limited,NSE
Greenlam Industries Limited,NSE
Greenpanel Industries Limited,NSE
Greenply Industries Limited,NSE
Orient Green Power Company Limited,NSE
Grindwell Norton Limited,NSE
G R Infraprojects Limited,NSE
GRM Overseas Limited,NSE
The Grob Tea Company Limited,NSE
Billionbrains Garage Ventures Limited,NSE
GRP Limited,NSE
Garden Reach Shipbuilders & Engineers Limited,NSE
Garware Hi-Tech Films Limited,NSE
Gujarat State Fertilizers & Chemicals Limited,NSE
Global Surfaces Limited,NSE
Gujarat State Petronet Limited,NSE
GSS Infotech Limited,NSE
G-TEC JAINX EDUCATION LIMITED,NSE
GTL Limited,NSE
GTL Infrastructure Limited,NSE
GTPL Hathway Limited,NSE
Gufic Biosciences Limited,NSE
Gujarat Alkalies and Chemicals Limited,NSE
Gujarat Apollo Industries Limited,NSE
Gujarat Gas Limited,NSE
Gujarat Raffia Industries Limited,NSE
Gujarat Themis Biosyn Limited,NSE
Gulf Oil Lubricants India Limited,NSE
GP Petroleums Limited,NSE
Gulshan Polyols Limited,NSE
GVK Power & Infrastructure Limited,NSE
GE Power India Limited,NSE
GVP Infotech Limited,NSE
GE Vernova T&D India Limited,NSE
Hindustan Aeronautics Limited,NSE
HALEOS LABS LIMITED,NSE
Happiest Minds Technologies Limited,NSE
Happy Forgings Limited,NSE
Hardwyn India Limited,NSE
Hariom Pipe Industries Limited,NSE
Harrisons  Malayalam Limited,NSE
Harsha Engineers International Limited,NSE
Hathway Cable & Datacom Limited,NSE
Hatsun Agro Product Limited,NSE
Havells India Limited,NSE
Sri Havisha Hospitality and Infrastructure Limited,NSE
HBL Engineering Limited,NSE
HB Stockholdings Limited,NSE
Hindustan Construction Company Limited,NSE
Healthcare Global Enterprises Limited,NSE
HCL Infosystems Limited,NSE
HCL Technologies Limited,NSE
HDB Financial Services Limited,NSE
HDFC Asset Management Company Limited,NSE
HDFC Bank Limited,NSE
HDFC Life Insurance Company Limited,NSE
Housing Development and Infrastructure Limited,NSE
Heads UP Ventures Limited,NSE
HEC Infra Projects Limited,NSE
HEG Limited,NSE
HeidelbergCement India Limited,NSE
Hemisphere Properties India Limited,NSE
Heranba Industries Limited,NSE
Heritage Foods Limited,NSE
Hero MotoCorp Limited,NSE
Hester Biosciences Limited,NSE
Heubach Colorants India Limited,NSE
Hexa Tradex Limited,NSE
Hexaware Technologies Limited,NSE
HFCL Limited,NSE
H.G. Infra Engineering Limited,NSE
HandsOn Global Management (HGM) Limited,NSE
Hinduja Global Solutions Limited,NSE
Hikal Limited,NSE
Highway Infrastructure Limited,NSE
Hilton Metal Forging Limited,NSE
Hilton Metal Forging Ltd-RE,NSE
Himatsingka Seide Limited,NSE
Hindalco Industries Limited,NSE
Hindustan Composites Limited,NSE
Hindcon Chemicals Limited,NSE
Hindustan Copper Limited,NSE
Hindustan Oil Exploration Company Limited,NSE
Hindustan Petroleum Corporation Limited,NSE
Hindustan Unilever Limited,NSE
Hindware Home Innovation Limited,NSE
Hindustan Zinc Limited,NSE
Hind Rectifiers Limited,NSE
Hisar Metal Industries Limited,NSE
Hi-Tech Pipes Limited,NSE
Hitech Corporation Limited,NSE
The Hi-Tech Gears Limited,NSE
HLE Glascoat Limited,NSE
HLV LIMITED,NSE
HMA Agro Industries Limited,NSE
HMT Limited,NSE
Hindustan Media Ventures Limited,NSE
Hindustan Foods Limited,NSE
Home First Finance Company India Limited,NSE
Honasa Consumer Limited,NSE
Honeywell Automation India Limited,NSE
Honda India Power Products Limited,NSE
HP Adhesives Limited,NSE
Hindprakash Industries Limited,NSE
HPL Electric & Power Limited,NSE
Himadri Speciality Chemical Limited,NSE
HT Media Limited,NSE
Hubtown Limited,NSE
Housing & Urban Development Corporation Limited,NSE
Huhtamaki India Limited,NSE
Hybrid Financial Services Limited,NSE
Hyundai Motor India Limited,NSE
Indiabulls Limited,NSE
ICDS Limited,NSE
Ice Make Refrigeration Limited,NSE
ICICI Prudential Asset Management Company Limited,NSE
ICICI Bank Limited,NSE
ICICI Lombard General Insurance Company Limited,NSE
ICICI Prudential Life Insurance Company Limited,NSE
Indo Count Industries Limited,NSE
ICRA Limited,NSE
IDBI Bank Limited,NSE
Vodafone Idea Limited,NSE
Ideaforge Technology Limited,NSE
IDFC First Bank Limited,NSE
Indian Energy Exchange Limited,NSE
IFB Agro Industries Limited,NSE
IFB Industries Limited,NSE
IFCI Limited,NSE
IFGL Refractories Limited,NSE
Igarashi Motors India Limited,NSE
Indogulf Cropsciences Limited,NSE
International Gemmological Institute (India) Limited,NSE
Indraprastha Gas Limited,NSE
IG Petrochemicals Limited,NSE
IIFL Finance Limited,NSE
IIFL Capital Services Limited,NSE
Industrial Investment Trust Limited,NSE
IKIO Technologies Limited,NSE
Inventurus Knowledge Solutions Limited,NSE
IL&FS Engineering and Construction Company Limited,NSE
IL&FS Transportation Networks Limited,NSE
Imagicaaworld Entertainment Limited,NSE
Indian Metals & Ferro Alloys Limited,NSE
India Motor Parts and Accessories Limited,NSE
Impex Ferro Tech Limited,NSE
INCREDIBLE INDUSTRIES LIMITED,NSE
Indbank Merchant Banking Services Limited,NSE
Indegene Limited,NSE
The Indian Hotels Company Limited,NSE
The India Cements Limited,NSE
India Glycols Limited,NSE
Indiamart Intermesh Limited,NSE
Indian Bank,NSE
Indian Card Clothing Company Limited,NSE
Indian Hume Pipe Company Limited,NSE
India Shelter Finance Corporation Limited,NSE
InterGlobe Aviation Limited,NSE
Indigo Paints Limited,NSE
Indiqube Spaces Limited,NSE
India Nippon Electricals Limited,NSE
Indo Amines Limited,NSE
Indo Borax & Chemicals Limited,NSE
Indoco Remedies Limited,NSE
Indo Farm Equipment Limited,NSE
Indo Rama Synthetics (India) Limited,NSE
IndoStar Capital Finance Limited,NSE
Indo Tech Transformers Limited,NSE
Indo Thai Securities Limited,NSE
Indo Us Biotech Limited,NSE
Indowind Energy Limited,NSE
Indraprastha Medical Corporation Limited,NSE
Ind-Swift Laboratories Limited,NSE
Indian Terrain Fashions Limited,NSE
IndusInd Bank Limited,NSE
Indus Towers Limited,NSE
Infibeam Avenues Limited,NSE
InfoBeans Technologies Limited,NSE
Infomedia Press Limited,NSE
Infosys Limited,NSE
Ingersoll Rand (India) Limited,NSE
Innova Captab Limited,NSE
Innovana Thinklabs Limited,NSE
Inox Green Energy Services Limited,NSE
INOX India Limited,NSE
Inox Wind Limited,NSE
Insecticides (India) Limited,NSE
Inspirisys Solutions Limited,NSE
Intellect Design Arena Limited,NSE
Intense Technologies Limited,NSE
Interarch Building Solutions Limited,NSE
International Conveyors Limited,NSE
Inventure Growth & Securities Limited,NSE
Indian Overseas Bank,NSE
Indian Oil Corporation Limited,NSE
IOL Chemicals and Pharmaceuticals Limited,NSE
ION Exchange (India) Limited,NSE
IPCA Laboratories Limited,NSE
India Pesticides Limited,NSE
IRB Infrastructure Developers Limited,NSE
Ircon International Limited,NSE
Indian Railway Catering And Tourism Corporation Limited,NSE
Indian Renewable Energy Development Agency Limited,NSE
Indian Railway Finance Corporation Limited,NSE
IRIS RegTech Solutions Limited,NSE
Iris Clothings Limited,NSE
IRM Energy Limited,NSE
Intrasoft Technologies Limited,NSE
Isgec Heavy Engineering Limited,NSE
Ishan Dyes and Chemicals Limited,NSE
ITC Limited,NSE
ITC Hotels Limited,NSE
India Tourism Development Corporation Limited,NSE
ITI Limited,NSE
Ivalue Infosolutions Limited,NSE
IL&FS Investment Managers Limited,NSE
IVP Limited,NSE
Le Travenues Technology Limited,NSE
IZMO Limited,NSE
The Jammu & Kashmir Bank Limited,NSE
Jagran Prakashan Limited,NSE
Jagsonpal Pharmaceuticals Limited,NSE
Jai Balaji Industries Limited,NSE
Jai Corp Limited,NSE
Jain Resource Recycling Limited,NSE
Nandani Creation Limited,NSE
Jamna Auto Industries Limited,NSE
Jaro Institute of Technology Management and Research Limited,NSE
Jash Engineering Limited,NSE
Jayant Agro Organics Limited,NSE
Jay Bharat Maruti Limited,NSE
Jaykay Enterprises Limited,NSE
Jayaswal Neco Industries Limited,NSE
Jayshree Tea & Industries Limited,NSE
JB Chemicals & Pharmaceuticals Limited,NSE
JBM Auto Limited,NSE
Jet Freight Logistics Limited,NSE
J.G.Chemicals Limited,NSE
JHS Svendgaard Laboratories Limited,NSE
Jindal Photo Limited,NSE
Jindal Poly Films Limited,NSE
Jindal Saw Limited,NSE
JINDAL STEEL LIMITED,NSE
Jindal Drilling And Industries Limited,NSE
Jindal Worldwide Limited,NSE
Jio Financial Services Limited,NSE
Jain Irrigation Systems Limited,NSE
JITF Infralogistics Limited,NSE
JK Cement Limited,NSE
J.Kumar Infraprojects Limited,NSE
Jinkushal Industries Limited,NSE
JK Lakshmi Cement Limited,NSE
JK Paper Limited,NSE
JK Tyre & Industries Limited,NSE
Jupiter Life Line Hospitals Limited,NSE
Jullundur Motor Agency (Delhi) Limited,NSE
JM Financial Limited,NSE
JNK India Limited,NSE
Jocil Limited,NSE
Jindal Poly Investment and Finance Company Limited,NSE
Jaiprakash Power Ventures Limited,NSE
Jana Small Finance Bank Limited,NSE
Jindal Stainless Limited,NSE
Jeena Sikho Lifecare Limited,NSE
JSW Cement Limited,NSE
JSW Energy Limited,NSE
JSW Holdings Limited,NSE
JSW Infrastructure Limited,NSE
JSW Steel Limited,NSE
Jtekt India Limited,NSE
JTL INDUSTRIES LIMITED,NSE
Jubilant Agri and Consumer Products Limited,NSE
Jubilant Foodworks Limited,NSE
Jubilant Ingrevia Limited,NSE
Jubilant Pharmova Limited,NSE
Juniper Hotels Limited,NSE
Just Dial Limited,NSE
Jupiter Wagons Limited,NSE
Jyothy Labs Limited,NSE
Jyoti CNC Automation Limited,NSE
Jyoti Structures Limited,NSE
Kabra Extrusion Technik Limited,NSE
Kajaria Ceramics Limited,NSE
Kakatiya Cement Sugar & Industries Limited,NSE
Sai Silks (Kalamandir) Limited,NSE
Kalpataru Limited,NSE
Kalyani Commercials Limited,NSE
Kalyani Forge Limited,NSE
Kalyan Jewellers India Limited,NSE
Kamat Hotels (I) Limited,NSE
Kamdhenu Limited,NSE
Kamdhenu Ventures Limited,NSE
Kanani Industries Limited,NSE
Kanoria Chemicals & Industries Limited,NSE
Kanpur Plastipack Limited,NSE
Kansai Nerolac Paints Limited,NSE
Kapston Services Limited,NSE
Karma Energy Limited,NSE
Karur Vysya Bank Limited,NSE
Kaushalya Infrastructure Development Corporation Limited,NSE
Kavveri Defence & Wireless Technologies Limited,NSE
Kaya Limited,NSE
Kaynes Technology India Limited,NSE
KCP Limited,NSE
KCP Sugar and Industries Corporation Limited,NSE
KDDL Limited,NSE
KEC International Limited,NSE
Kirloskar Electric Company Limited,NSE
DSJ Keep Learning Limited,NSE
KEI Industries Limited,NSE
Kellton Tech Solutions Limited,NSE
Kernex Microsystems (India) Limited,NSE
Kesoram Industries Limited,NSE
Keynote Financial Services Limited,NSE
Kfin Technologies Limited,NSE
Khadim India Limited,NSE
Khaitan Chemicals & Fertilizers Limited,NSE
Khaitan (India) Limited,NSE
Khandwala Securities Limited,NSE
Kalyani Investment Company Limited,NSE
Kilitch Drugs (India) Limited,NSE
Krishna Institute of Medical Sciences Limited,NSE
Kingfa Science & Technology (India) Limited,NSE
KIOCL Limited,NSE
Kiri Industries Limited,NSE
Kirloskar Brothers Limited,NSE
Kirloskar Oil Engines Limited,NSE
Kirloskar Industries Limited,NSE
Kirloskar Pneumatic Company Limited,NSE
Kitex Garments Limited,NSE
Kewal Kiran Clothing Limited,NSE
Knowledge Marine & Engineering Works Limited,NSE
K.M.Sugar Mills Limited,NSE
KN Agri Resources Limited,NSE
KNR Constructions Limited,NSE
Kohinoor Foods Limited,NSE
Kokuyo Camlin Limited,NSE
Kolte - Patil Developers Limited,NSE
Kopran Limited,NSE
Kotak Mahindra Bank Limited,NSE
Kothari Sugars And Chemicals Limited,NSE
Kothari Petrochemicals Limited,NSE
Kothari Products Limited,NSE
K.P. Energy Limited,NSE
KPI Green Energy Limited,NSE
Kalpataru Projects International Limited,NSE
KPIT Technologies Limited,NSE
K.P.R. Mill Limited,NSE
KRBL Limited,NSE
Krebs Biochemicals and Industries Limited,NSE
Kridhan Infra Limited,NSE
Krishana Phoschem Limited,NSE
Krishival Foods Limited,NSE
Krishna Defence And Allied Industries Limited,NSE
Kriti Industries (India) Limited,NSE
Kritika Wires Limited,NSE
Kriti Nutrients Limited,NSE
KRN Heat Exchanger and Refrigeration Limited,NSE
Kronox Lab Sciences Limited,NSE
Kross Limited,NSE
Krsnaa Diagnostics Limited,NSE
Krystal Integrated Services Limited,NSE
Ksb Limited,NSE
Kaveri Seed Company Limited,NSE
KSH International Limited,NSE
Kshitij Polyline Limited,NSE
Kalyani Steels Limited,NSE
Ksolves India Limited,NSE
KSR Footwear Limited,NSE
The Karnataka Bank Limited,NSE
Kuantum Papers Limited,NSE
Lagnam Spintex Limited,NSE
Lakshmi Precision Screws Limited,NSE
Lorenzini Apparels Limited,NSE
Dr. Lal Path Labs Ltd.,NSE
Lambodhara Textiles Limited,NSE
Lancor Holdings Limited,NSE
Landmark Cars Limited,NSE
La Opala RG Limited,NSE
Lasa Supergenerics Limited,NSE
Latent View Analytics Limited,NSE
Latteys Industries Limited,NSE
Laurus Labs Limited,NSE
Laxmi Cotspin Limited,NSE
Laxmi Dental Limited,NSE
Laxmi India Finance Limited,NSE
LCC Infotech Limited,NSE
Le Merite Exports Limited,NSE
Lemon Tree Hotels Limited,NSE
Lenskart Solutions Limited,NSE
Lexus Granito (India) Limited,NSE
Lakshmi Finance & Industrial Corporation Limited,NSE
LG Balakrishnan & Bros Limited,NSE
LG Electronics India Limited,NSE
Laxmi Goldorna House Limited,NSE
Libas Consumer Products Limited,NSE
Liberty Shoes Limited,NSE
LIC Housing Finance Limited,NSE
Life Insurance Corporation Of India,NSE
Likhitha Infrastructure Limited,NSE
Linc Limited,NSE
Lincoln Pharmaceuticals Limited,NSE
Linde India Limited,NSE
LLOYDS ENGINEERING WORKS LIMITED,NSE
Lloyds Enterprises Limited,NSE
Lloyds Metals And Energy Limited,NSE
LMW Limited,NSE
Lodha Developers Limited,NSE
Lokesh Machines Limited,NSE
Lords Chloro Alkali Limited,NSE
Sri Lotus Developers and Realty Limited,NSE
Lotus Eye Hospital and Institute Limited,NSE
Lovable Lingerie Limited,NSE
Loyal Textile Mills Limited,NSE
Landmark Property Development Company Limited,NSE
Larsen & Toubro Limited,NSE
L&T Finance Limited,NSE
LT Foods Limited,NSE
LTIMindtree Limited,NSE
L&T Technology Services Limited,NSE
Lumax Industries Limited,NSE
Lumax Auto Technologies Limited,NSE
Lupin Limited,NSE
Lux Industries Limited,NSE
Laxmi Organic Industries Limited,NSE
Lyka Labs Limited,NSE
Lypsa Gems & Jewellery Limited,NSE
Mahindra & Mahindra Limited,NSE
Mahindra & Mahindra Financial Services Limited,NSE
Maan Aluminium Limited,NSE
Macpower CNC Machines Limited,NSE
Madhav Marbles and Granites Limited,NSE
Madhucon Projects Limited,NSE
Madras Fertilizers Limited,NSE
Magadh Sugar & Energy Limited,NSE
Magnum Ventures Limited,NSE
Bank of Maharashtra,NSE
Maha Rashtra Apex Corporation Limited,NSE
Mahamaya Steel Industries Limited,NSE
Mahindra EPC Irrigation Limited,NSE
Maheshwari Logistics Limited,NSE
Mahindra Lifespace Developers Limited,NSE
Mahindra Logistics Limited,NSE
Maharashtra Scooters Limited,NSE
Maharashtra Seamless Limited,NSE
Maithan Alloys Limited,NSE
Mallcom (India) Limited,NSE
Malu Paper Mills Limited,NSE
Mamata Machinery Limited,NSE
Manaksia Aluminium Company Limited,NSE
Manaksia Coated Metals & Industries Limited,NSE
Manaksia Limited,NSE
Manaksia Steels Limited,NSE
Manali Petrochemicals Limited,NSE
Manappuram Finance Limited,NSE
Manba Finance Limited,NSE
Mangal Credit and Fincorp Limited,NSE
Mangalam Drugs And Organics Limited,NSE
Mangalam Cement Limited,NSE
Man Industries (India) Limited,NSE
Man Infraconstruction Limited,NSE
Mankind Pharma Limited,NSE
Manomay Tex India Limited,NSE
Manorama Industries Limited,NSE
Mangalam Organics Limited,NSE
Manugraph India Limited,NSE
Vedant Fashions Limited,NSE
C.E. Info Systems Limited,NSE
Maral Overseas Limited,NSE
Marathon Nextgen Realty Limited,NSE
Marico Limited,NSE
Marine Electricals (India) Limited,NSE
Markolines Pavement Technologies Limited,NSE
Marksans Pharma Limited,NSE
Maruti Suzuki India Limited,NSE
MAS Financial Services Limited,NSE
Mask Investments Limited,NSE
Mastek Limited,NSE
Master Trust Limited,NSE
Matrimony.Com Limited,NSE
Mawana Sugars Limited,NSE
Max Estates Limited,NSE
Max Healthcare Institute Limited,NSE
Max India Limited,NSE
Mayur Uniquoters Ltd,NSE
Mazda Limited,NSE
Mazagon Dock Shipbuilders Limited,NSE
Madhya Bharat Agro Products Limited,NSE
M & B Engineering Limited,NSE
MBL Infrastructure Limited,NSE
Madhav Copper Limited,NSE
Mcleod Russel India Limited,NSE
Magellanic Cloud Limited,NSE
Multi Commodity Exchange of India Limited,NSE
Global Health Limited,NSE
Medi Assist Healthcare Services Limited,NSE
Medicamen Biotech Limited,NSE
Medico Remedies Limited,NSE
Medplus Health Services Limited,NSE
Meesho Limited,NSE
Megasoft Limited,NSE
Megastar Foods Limited,NSE
Mangal Electrical Industries Limited,NSE
Menon Bearings Limited,NSE
MEP Infrastructure Developers Limited,NSE
Metro Brands Limited,NSE
Metropolis Healthcare Limited,NSE
Mahalaxmi Fabric Mills Limited,NSE
Max Financial Services Limited,NSE
Mangalam Global Enterprise Limited,NSE
Mahanagar Gas Limited,NSE
Mahalaxmi Rubtech Limited,NSE
Mahindra Holidays & Resorts India Limited,NSE
MIC Electronics Limited,NSE
Mishra Dhatu Nigam Limited,NSE
Midwest Limited,NSE
Minda Corporation Limited,NSE
Mindteck (India) Limited,NSE
MIRC Electronics Limited,NSE
Mirza International Limited,NSE
MITCON Consultancy & Engineering Services Limited,NSE
Mittal Life Style Limited,NSE
M K Proteins Limited,NSE
MM Forgings Limited,NSE
MMP Industries Limited,NSE
MMTC Limited,NSE
One Mobikwik Systems Limited,NSE
Modi Naturals Limited,NSE
Modi Rubber Limited,NSE
Modis Navnirman Limited,NSE
MODISON LIMITED,NSE
Modern Threads (India) Limited,NSE
Mohit Industries Limited,NSE
MOIL Limited,NSE
Moksh Ornaments Limited,NSE
Meghmani Organics Limited,NSE
Mold-Tek Technologies Limited,NSE
Mold-Tek Packaging Limited,NSE
Monarch Networth Capital Limited,NSE
Moneyboxx Finance Limited,NSE
Monte Carlo Fashions Limited,NSE
Morepen Laboratories Limited,NSE
Moschip Technologies Limited,NSE
Samvardhana Motherson International Limited,NSE
Motilal Oswal Financial Services Limited,NSE
Motisons Jewellers Limited,NSE
The Motor & General Finance Limited,NSE
MphasiS Limited,NSE
MPS Limited,NSE
MRF Limited,NSE
Mangalore Refinery and Petrochemicals Limited,NSE
MSP Steel & Power Limited,NSE
Mstc Limited,NSE
Motherson Sumi Wiring India Limited,NSE
Mtar Technologies Limited,NSE
MT Educare Limited,NSE
Mahanagar Telephone Nigam Limited,NSE
Mufin Green Finance Limited,NSE
Credo Brands Marketing Limited,NSE
Mukand Limited,NSE
Mukka Proteins Limited,NSE
Mukta Arts Limited,NSE
Munjal Auto Industries Limited,NSE
Munjal Showa Limited,NSE
Murudeshwar Ceramics Limited,NSE
Muthoot Capital Services Limited,NSE
Muthoot Finance Limited,NSE
Muthoot Microfin Limited,NSE
Manoj Vaibhav Gems N Jewellers Limited,NSE
Mangalam Worldwide Limited,NSE
NACL Industries Limited,NSE
Nagarjuna Fertilizers and Chemicals Limited,NSE
Nagreeka Capital & Infrastructure Limited,NSE
Nagreeka Exports Limited,NSE
Nahar Capital and Financial Services Limited,NSE
Nahar Industrial Enterprises Limited,NSE
Nahar Poly Films Limited,NSE
Nahar Spinning Mills Limited,NSE
Nippon Life India Asset Management Limited,NSE
Narmada Agrobase Limited,NSE
Natural Capsules Limited,NSE
Natco Pharma Limited,NSE
Nath Bio-Genes (India) Limited,NSE
National Aluminium Company Limited,NSE
Info Edge (India) Limited,NSE
NAVA LIMITED,NSE
Navin Fluorine International Limited,NSE
Navkar Corporation Limited,NSE
Navkar Urbanstructure Limited,NSE
Navneet Education Limited,NSE
Nazara Technologies Limited,NSE
NBCC (India) Limited,NSE
N. B. I. Industrial Finance Company Limited,NSE
NCC Limited,NSE
NCL Industries Limited,NSE
Naga Dhunseri Group Limited,NSE
Nandan Denim Limited,NSE
NDL Ventures Limited,NSE
Ndr Auto Components Limited,NSE
New Delhi Television Limited,NSE
North Eastern Carrying Corporation Limited,NSE
Nectar Lifesciences Limited,NSE
Nelcast Limited,NSE
NELCO Limited,NSE
Neogen Chemicals Limited,NSE
Nephrocare Health Services Limited,NSE
Nesco Limited,NSE
Nestle India Limited,NSE
Netweb Technologies India Limited,NSE
Network18 Media & Investments Limited,NSE
Neuland Laboratories Limited,NSE
Newgen Software Technologies Limited,NSE
Next Mediaworks Limited,NSE
National Fertilizers Limited,NSE
Nakoda Group of Industries Limited,NSE
NGL Fine-Chem Limited,NSE
Narayana Hrudayalaya Ltd.,NSE
NHPC Limited,NSE
The New India Assurance Company Limited,NSE
NIBE Limited,NSE
NRB Industrial Bearings Limited,NSE
NIIT Limited,NSE
NIIT Learning Systems Limited,NSE
Nila Infrastructures Limited,NSE
Nila Spaces Limited,NSE
Nilkamal Limited,NSE
NINtec Systems Limited,NSE
Indo-National Limited,NSE
Niraj Cement Structurals Limited,NSE
Niraj Ispat Industries Limited,NSE
Nitco Limited,NSE
Nitin Spinners Limited,NSE
Nitiraj Engineers Limited,NSE
Niva Bupa Health Insurance Company Limited,NSE
NK Industries Limited,NSE
NLC India Limited,NSE
NMDC Limited,NSE
NOCIL Limited,NSE
Noida Toll Bridge Company Limited,NSE
Norben Tea & Exports Limited,NSE
Northern Arc Capital Limited,NSE
Nova Agritech Limited,NSE
Network People Services Technologies Limited,NSE
N R Agarwal Industries Limited,NSE
NRB Bearing Limited,NSE
Nupur Recyclers Limited,NSE
Nalwa Sons Investments Limited,NSE
NMDC Steel Limited,NSE
NTPC Limited,NSE
NTPC Green Energy Limited,NSE
Nucleus Software Exports Limited,NSE
Nureca Limited,NSE
Nuvama Wealth Management Limited,NSE
Nuvoco Vistas Corporation Limited,NSE
FSN E-Commerce Ventures Limited,NSE
Oriental Aromatics Limited,NSE
Orissa Bengal Carrier Limited,NSE
Oberoi Realty Limited,NSE
OCCL Limited,NSE
Odigma Consultancy Solutions Limited,NSE
Oracle Financial Services Software Limited,NSE
Oil India Limited,NSE
Oil Country Tubular Limited,NSE
Ola Electric Mobility Limited,NSE
Olectra Greentech Limited,NSE
Omax Autos Limited,NSE
Omaxe Limited,NSE
Om Freight Forwarders Limited,NSE
OM INFRA LIMITED,NSE
Omkar Speciality Chemicals Limited,NSE
Onelife Capital Advisors Limited,NSE
One Point One Solutions Limited,NSE
Onesource Specialty Pharma Limited,NSE
Oil & Natural Gas Corporation Limited,NSE
OnMobile Global Limited,NSE
Onward Technologies Limited,NSE
Optiemus Infracom Limited,NSE
Orbit Exports Limited,NSE
Orchasp Limited,NSE
Orchid Pharma Limited,NSE
Oricon Enterprises Limited,NSE
Oriental Trimex Limited,NSE
Orient Bell Limited,NSE
Orient Cement Limited,NSE
ORIENT CERATECH LIMITED,NSE
Orient Electric Limited,NSE
Oriental Hotels Limited,NSE
Orient Press Limited,NSE
Orient Paper & Industries Limited,NSE
Orient Technologies Limited,NSE
The Orissa Minerals Development Company Limited,NSE
Orkla India Limited,NSE
ORTIN GLOBAL LIMITED,NSE
Osia Hyper Retail Limited,NSE
Oswal Agro Mills Limited,NSE
Oswal Greentech Limited,NSE
Oswal Pumps Limited,NSE
ShreeOswal Seeds And Chemicals Limited,NSE
Pace Digitek Limited,NSE
Page Industries Limited,NSE
Paisalo Digital Limited,NSE
PAKKA LIMITED,NSE
Palash Securities Limited,NSE
Palred Technologies Limited,NSE
Panacea Biotec Limited,NSE
Panache Digilife Limited,NSE
Panama Petrochem Limited,NSE
Pansari Developers Limited,NSE
Par Drugs And Chemicals Limited,NSE
Paramount Communications Limited,NSE
Paradeep Phosphates Limited,NSE
Parag Milk Foods Limited,NSE
Paras Defence and Space Technologies Limited,NSE
Paras Petrofils Limited,NSE
Park Medi World Limited,NSE
Apeejay Surrendra Park Hotels Limited,NSE
Parsvnath Developers Limited,NSE
Pashupati Cotspin Limited,NSE
Pasupati Acrylon Limited,NSE
Patanjali Foods Limited,NSE
Patel Engineering Limited,NSE
Patel Retail Limited,NSE
Patel Integrated Logistics Limited,NSE
Paushak Limited,NSE
Pavna Industries Limited,NSE
One 97 Communications Limited,NSE
PCBL Chemical Limited,NSE
PC Jeweller Limited,NSE
Pudumjee Paper Products Limited,NSE
PDS Limited,NSE
Pearl Polymers Limited,NSE
Pennar Industries Limited,NSE
Peninsula Land Limited,NSE
Persistent Systems Limited,NSE
Petronet LNG Limited,NSE
Power Finance Corporation Limited,NSE
Pfizer Limited,NSE
Prime Focus Limited,NSE
PTC India Financial Services Limited,NSE
PG Electroplast Limited,NSE
Procter & Gamble Hygiene and Health Care Limited,NSE
Procter & Gamble Health Limited,NSE
Pearl Global Industries Limited,NSE
The Phoenix Mills Limited,NSE
Piccadily Agro Industries Limited,NSE
Pidilite Industries Limited,NSE
Power & Instrumentation (Gujarat) Limited,NSE
PI Industries Limited,NSE
Pilani Investment and Industries Corporation Limited,NSE
PIL ITALICA LIFESTYLE LIMITED,NSE
Pine Labs Limited,NSE
Pioneer Embroideries Limited,NSE
Piramal Finance Limited,NSE
Pitti Engineering Limited,NSE
Pix Transmissions Limited,NSE
The Peria Karamalai Tea & Produce Company Limited,NSE
Plastiblends India Limited,NSE
Platinum Industries Limited,NSE
Plaza Wires Limited,NSE
Punjab National Bank,NSE
PNB Gilts Limited,NSE
PNB Housing Finance Limited,NSE
Pritish Nandy Communications Limited,NSE
PNC Infratech Limited,NSE
P N Gadgil Jewellers Limited,NSE
Pondy Oxides & Chemicals Limited,NSE
Poddar Pigments Limited,NSE
Pokarna Limited,NSE
PB Fintech Limited,NSE
Polycab India Limited,NSE
Poly Medicure Limited,NSE
Polyplex Corporation Limited,NSE
Ponni Sugars (Erode) Limited,NSE
Poonawalla Fincorp Limited,NSE
Power Grid Corporation of India Limited,NSE
Hitachi Energy India Limited,NSE
Power Mech Projects Limited,NSE
PPAP Automotive Limited,NSE
Prakash Pipes Limited,NSE
Piramal Pharma Limited,NSE
Prabha Energy Limited,NSE
Prajay Engineers Syndicate Limited,NSE
Praj Industries Limited,NSE
Prakash Industries Limited,NSE
Prakash Steelage Limited,NSE
Praxis Home Retail Limited,NSE
Precision Camshafts Limited,NSE
Precot Limited,NSE
Precision Wires India Limited,NSE
Premier Explosives Limited,NSE
Premier Limited,NSE
Premier Energies Limited,NSE
Premier Polyfilm Limited,NSE
Prestige Estates Projects Limited,NSE
Pricol Limited,NSE
Prime Securities Limited,NSE
Primo Chemicals Limited,NSE
Prince Pipes And Fittings Limited,NSE
Priti International Limited,NSE
Pritika Auto Industries Limited,NSE
Privi Speciality Chemicals Limited,NSE
Prostarm Info Systems Limited,NSE
Protean eGov Technologies Limited,NSE
Prozone Realty Limited,NSE
Prism Johnson Limited,NSE
Prudent Corporate Advisory Services Limited,NSE
Prudential Sugar Corporation Limited,NSE
Punjab & Sind Bank,NSE
PSP Projects Limited,NSE
PTC India Limited,NSE
PTC Industries Limited,NSE
PTL Enterprises Limited,NSE
Punjab Chemicals & Crop Protection Limited,NSE
Puravankara Limited,NSE
PVP Ventures Limited,NSE
PVR INOX Limited,NSE
Popular Vehicles and Services Limited,NSE
Physicswallah Limited,NSE
Pyramid Technoplast Limited,NSE
Quality Power Electrical Equipments Limited,NSE
Quadrant Future Tek Limited,NSE
Quess Corp Limited,NSE
Quick Heal Technologies Limited,NSE
Race Eco Chain Limited,NSE
RACL Geartech Limited,NSE
Radaan Mediaworks India Limited,NSE
Radhika Jeweltech Limited,NSE
Radiant Cash Management Services Limited,NSE
Radico Khaitan Limited,NSE
Music Broadcast Limited,NSE
Railtel Corporation Of India Limited,NSE
Rain Industries Limited,NSE
Rainbow Childrens Medicare Limited,NSE
Rajesh Exports Limited,NSE
Rajnandini Metal Limited,NSE
Rajoo Engineers Limited,NSE
Rajratan Global Wire Limited,NSE
Raj Rayon Industries Limited,NSE
Rajshree Sugars & Chemicals Limited,NSE
Raj Television Network Limited,NSE
Rallis India Limited,NSE
Shree Rama Newsprint Limited,NSE
Rama Phosphates Limited,NSE
Rama Steel Tubes Limited,NSE
The Ramco Cements Limited,NSE
Ramco Industries Limited,NSE
Ramco Systems Limited,NSE
Ramky Infrastructure Limited,NSE
Ram Ratna Wires Limited,NSE
Rana Sugars Limited,NSE
Rane Holdings Limited,NSE
Rategain Travel Technologies Limited,NSE
Ratnamani Metals & Tubes Limited,NSE
Ratnaveer Precision Engineering Limited,NSE
Raymond Limited,NSE
Raymond Lifestyle Limited,NSE
Raymond Realty Limited,NSE
Restaurant Brands Asia Limited,NSE
RBL Bank Limited,NSE
RBZ Jewellers Limited,NSE
Rashtriya Chemicals and Fertilizers Limited,NSE
Reliance Communications Limited,NSE
REC Limited,NSE
Redington Limited,NSE
Redtape Limited,NSE
Refex Industries Limited,NSE
Regaal Resources Limited,NSE
Regency Ceramics Limited,NSE
Relaxo Footwears Limited,NSE
Reliance Chemotex Industries Limited,NSE
Reliable Data Services Limited,NSE
Reliance Industries Limited,NSE
Religare Enterprises Limited,NSE
Ravindra Energy Limited,NSE
Remsons Industries Limited,NSE
Shree Renuka Sugars Limited,NSE
Repco Home Finance Limited,NSE
Rudrabhishek Enterprises Limited,NSE
Repro India Limited,NSE
Responsive Industries Limited,NSE
JHS Svendgaard Retail Ventures Limited,NSE
Renaissance Global Limited,NSE
Rhetan TMT Limited,NSE
Reliance Home Finance Limited,NSE
RHI MAGNESITA INDIA LIMITED,NSE
Robust Hotels Limited,NSE
Rico Auto Industries Limited,NSE
Reliance Industrial Infrastructure Limited,NSE
Rishabh Instruments Limited,NSE
Ritco Logistics Limited,NSE
RITES Limited,NSE
Ravi Kumar Distilleries Limited,NSE
RKEC Projects Limited,NSE
Ramkrishna Forgings Limited,NSE
R K Swamy Limited,NSE
R M Drip and Sprinklers Systems Limited,NSE
Rane (Madras) Limited,NSE
R&B Denims Limited,NSE
Royal Orchid Hotels Limited,NSE
Rolex Rings Limited,NSE
Rollatainers Limited,NSE
Raj Oil Mills Limited,NSE
Rossari Biotech Limited,NSE
Rossell India Limited,NSE
Rossell Techsys Limited,NSE
Roto Pumps Limited,NSE
ROUTE MOBILE LIMITED,NSE
Raghav Productivity Enhancers Limited,NSE
RPG Life Sciences Limited,NSE
Reliance Power Limited,NSE
R.P.P. Infra Projects Limited,NSE
Rajshree Polypack Limited,NSE
RPSG VENTURES LIMITED,NSE
Rashi Peripherals Limited,NSE
R R Kabel Limited,NSE
R. S. Software (India) Limited,NSE
RSWM Limited,NSE
R Systems International Limited,NSE
RattanIndia Enterprises Limited,NSE
RattanIndia Power Limited,NSE
Rubfila International Limited,NSE
Rubicon Research Limited,NSE
The Ruby Mills Limited,NSE
Ruchi Infrastructure Limited,NSE
Ruchira Papers Limited,NSE
Rudra Global Infra Products Limited,NSE
Rupa & Company Limited,NSE
Rushil Decor Limited,NSE
Keystone Realtors Limited,NSE
Ravinder Heights Limited,NSE
Rail Vikas Nigam Limited,NSE
Revathi Equipment India Limited,NSE
S&S Power Switchgears Limited,NSE
Saatvik Green Energy Limited,NSE
Sab Events & Governance Now Media Limited,NSE
Sri Adhikari Brothers Television Network Limited,NSE
Sadbhav Engineering Limited,NSE
Sadbhav Infrastructure Project Limited,NSE
Sadhana Nitrochem Limited,NSE
Safari Industries (India) Limited,NSE
Sagardeep Alloys Limited,NSE
Sagar Cements Limited,NSE
SAGILITY LIMITED,NSE
Sahyadri Industries Limited,NSE
Steel Authority of India Limited,NSE
Sai Life Sciences Limited,NSE
Sakar Healthcare Limited,NSE
Sakthi Sugars Limited,NSE
Saksoft Limited,NSE
Sakuma Exports Limited,NSE
Salasar Techno Engineering Limited,NSE
Salona Cotspin Limited,NSE
S.A.L. Steel Limited,NSE
Salzer Electronics Limited,NSE
Sambhaav Media Limited,NSE
Sambhv Steel Tubes Limited,NSE
Samhi Hotels Limited,NSE
Sammaan Capital Limited,NSE
Sampann Utpadan India Limited,NSE
Sanathan Textiles Limited,NSE
Sanco Industries Limited,NSE
The Sandesh Limited,NSE
Sandhar Technologies Limited,NSE
Sandur Manganese & Iron Ores Limited,NSE
Sangam (India) Limited,NSE
Sanghi Industries Limited,NSE
Sanghvi Movers Limited,NSE
Sanginita Chemicals Limited,NSE
Sanofi India Limited,NSE
Sanofi Consumer Healthcare India Limited,NSE
Sansera Engineering Limited,NSE
Sanstar Limited,NSE
Sanwaria Consumer Limited,NSE
Sapphire Foods India Limited,NSE
Sarda Energy & Minerals Limited,NSE
Saregama India Limited,NSE
Sarla Performance Fibers Limited,NSE
Sarveshwar Foods Limited,NSE
Sasken Technologies Limited,NSE
Sastasundar Ventures Limited,NSE
Satia Industries Limited,NSE
Satin Creditcare Network Limited,NSE
Saurashtra Cement Limited,NSE
SBC Exports Limited,NSE
Shivalik Bimetal Controls Limited,NSE
SBFC Finance Limited,NSE
Suratwwala Business Group Limited,NSE
SBI Cards and Payment Services Limited,NSE
SBI Life Insurance Company Limited,NSE
State Bank of India,NSE
Schaeffler India Limited,NSE
S Chand And Company Limited,NSE
Schneider Electric Infrastructure Limited,NSE
Shipping Corporation Of India Limited,NSE
Shipping Corporation of India Land and Assets Limited,NSE
Scoda Tubes Limited,NSE
Sheetal Cool Products Limited,NSE
Som Distilleries & Breweries Limited,NSE
Seamec Limited,NSE
SecMark Consultancy Limited,NSE
SECUREKLOUD TECHNOLOGIES LIMITED,NSE
Sejal Glass Limited,NSE
SEL Manufacturing Company Limited,NSE
Semac Construction Limited,NSE
Senco Gold Limited,NSE
Senores Pharmaceuticals Limited,NSE
SEPC Limited,NSE
Sequent Scientific Limited,NSE
Servotech Renewable Power System Limited,NSE
Seshasayee Paper and Boards Limited,NSE
Setco Automotive Limited,NSE
Setubandhan Infrastructure Limited,NSE
Seya Industries Limited,NSE
Sheela Foam Limited,NSE
SG Finserve Limited,NSE
Synergy Green Industries Limited,NSE
STL Global Limited,NSE
Standard Glass Lining Technology Limited,NSE
SG Mart Limited,NSE
Shah Metacorp Limited,NSE
Shah Alloys Limited,NSE
Shaily Engineering Plastics Limited,NSE
Shakti Pumps (India) Limited,NSE
Shalby Limited,NSE
Shalimar Paints Limited,NSE
Shankara Building Products Limited,NSE
Shanti Overseas (India) Limited,NSE
Shanthi Gears Limited,NSE
Shanti Gold International Limited,NSE
Sharda Cropchem Limited,NSE
Sharda Motor Industries Limited,NSE
Share India Securities Limited,NSE
Shekhawati Industries Limited,NSE
Shemaroo Entertainment Limited,NSE
Shilchar Technologies Limited,NSE
Shilpa Medicare Limited,NSE
Shivalik Rasayan Limited,NSE
Shivam Autotech Limited,NSE
Shiva Mills Limited,NSE
Shiva Texyarn Limited,NSE
Shiv Aum Steels Limited,NSE
S H Kelkar and Company Limited,NSE
Shoppers Stop Limited,NSE
Shradha Infraprojects Limited,NSE
Shree Digvijay Cement Co.Ltd,NSE
SHREE CEMENT LIMITED,NSE
Shreeji Shipping Global Limited,NSE
Shree Pushkar Chemicals & Fertilisers Limited,NSE
Shree Rama Multi-Tech Limited,NSE
Shrenik Limited,NSE
Shreyans Industries Limited,NSE
Shringar House of Mangalsutra Limited,NSE
Shriram Pistons & Rings Limited,NSE
Shriram Finance Limited,NSE
Shriram Properties Limited,NSE
Shyam Century Ferrous Limited,NSE
Shyam Metalics and Energy Limited,NSE
Shyam Telecom Limited,NSE
Sical Logistics Limited,NSE
Siemens Limited,NSE
Sigachi Industries Limited,NSE
Signet Industries Limited,NSE
Sigma Solve Limited,NSE
Signatureglobal (India) Limited,NSE
Signpost India Limited,NSE
Sikko Industries Limited,NSE
Standard Industries Limited,NSE
Silgo Retail Limited,NSE
SIL Investments Limited,NSE
Silly Monks Entertainment Limited,NSE
Silver Touch Technologies Limited,NSE
Simbhaoli Sugars Limited,NSE
Simplex Infrastructures Limited,NSE
Sinclairs Hotels Limited,NSE
Sindhu Trade Links Limited,NSE
Sintercom India Limited,NSE
Sirca Paints India Limited,NSE
SIS LIMITED,NSE
Siti Networks Limited,NSE
Siyaram Silk Mills Limited,NSE
S.J.S. Enterprises Limited,NSE
SJVN Limited,NSE
SKF India Limited,NSE
SKF India (Industrial) Limited,NSE
Skipper Limited,NSE
SKM Egg Products Export (India) Limited,NSE
SKY GOLD AND DIAMONDS LIMITED,NSE
Smartlink Holdings Limited,NSE
Smartworks Coworking Spaces Limited,NSE
SMC Global Securities Limited,NSE
SML Mahindra Limited,NSE
Sarthak Metals Limited,NSE
SMS Pharmaceuticals Limited,NSE
Snowman Logistics Limited,NSE
Sobha Limited,NSE
Softtech Engineers Limited,NSE
Solara Active Pharma Sciences Limited,NSE
Solar Industries India Limited,NSE
Solarworld Energy Solutions Limited,NSE
Solex Energy Limited,NSE
Somany Ceramics Limited,NSE
Soma Textiles & Industries Limited,NSE
Somi Conveyor Beltings Limited,NSE
Sona BLW Precision Forgings Limited,NSE
SONAM LIMITED,NSE
Sonata Software Limited,NSE
Savita Oil Technologies Limited,NSE
The South Indian Bank Limited,NSE
South West Pinnacle Exploration Limited,NSE
S. P. Apparels Limited,NSE
Spandana Sphoorty Financial Limited,NSE
Sun Pharma Advanced Research Company Limited,NSE
Spacenet Enterprises India Limited,NSE
Speciality Restaurants Limited,NSE
Spectrum Electrical Industries Limited,NSE
Spencer's Retail Limited,NSE
Southern Petrochemicals Industries Corporation  Limited,NSE
SPL Industries Limited,NSE
Supreme Petrochem Limited,NSE
SPML Infra Limited,NSE
Sportking India Limited,NSE
Shankar Lal Rampal Dye-Chem Limited,NSE
Sreeleathers Limited,NSE
SRF Limited,NSE
SRG Housing Finance Limited,NSE
Sree Rayalaseema Hi-Strength Hypo Limited,NSE
SRM Contractors Limited,NSE
Shree Ram Proteins Limited,NSE
Saraswati Saree Depot Limited,NSE
Steel Strips Wheels Limited,NSE
Stallion India Fluorochemicals Limited,NSE
Stanley Lifestyles Limited,NSE
Strides Pharma Science Limited,NSE
Star Cement Limited,NSE
Star Health and Allied Insurance Company Limited,NSE
Star Paper Mills Limited,NSE
Starteck Finance Limited,NSE
The State Trading Corporation of India Limited,NSE
Steelcast Limited,NSE
Steel City Securities Limited,NSE
STEEL EXCHANGE INDIA LIMITED,NSE
Stel Holdings Limited,NSE
Sterling Tools Limited,NSE
STL Networks Limited,NSE
Sterlite Technologies Limited,NSE
Stove Kraft Limited,NSE
Studds Accessories Limited,NSE
Seshaasai Technologies Limited,NSE
Stylam Industries Limited,NSE
Baazar Style Retail Limited,NSE
Styrenix Performance Materials Limited,NSE
Subex Limited,NSE
Subros Limited,NSE
Sudarshan Chemical Industries Limited,NSE
Sudeep Pharma Limited,NSE
Sukhjit Starch & Chemicals Limited,NSE
Sula Vineyards Limited,NSE
Sumeet Industries Limited,NSE
Sumitomo Chemical India Limited,NSE
Sumit Woods Limited,NSE
Summit Securities Limited,NSE
Sundaram Clayton Limited,NSE
Sundaram Multi Pap Limited,NSE
Sundaram Finance Limited,NSE
Sundaram Brake Linings Limited,NSE
Sundram Fasteners Limited,NSE
Sundrop Brands Limited,NSE
Sunflag Iron And Steel Company Limited,NSE
Sun Pharmaceutical Industries Limited,NSE
Sunteck Realty Limited,NSE
Sun TV Network Limited,NSE
Superhouse Limited,NSE
Super Spinning Mills Limited,NSE
Suprajit Engineering Limited,NSE
Supreme Holdings & Hospitality (India) Limited,NSE
Supreme Engineering Limited,NSE
Supreme Industries Limited,NSE
Supreme Infrastructure India Limited,NSE
Supriya Lifescience Limited,NSE
Suraj Estate Developers Limited,NSE
Suraj Limited,NSE
Suraksha Diagnostic Limited,NSE
Surana Solar Limited,NSE
Surana Telecom and Power Limited,NSE
Suryalakshmi Cotton Mills Limited,NSE
Surya Roshni Limited,NSE
Suryoday Small Finance Bank Limited,NSE
Sutlej Textiles and Industries Limited,NSE
Suven Life Sciences Limited,NSE
Suvidhaa Infoserve Limited,NSE
Suyog Telematics Limited,NSE
Suzlon Energy Limited,NSE
Shree Vasu Logistics Limited,NSE
SVP GLOBAL TEXTILES LIMITED,NSE
SWAN CORP LIMITED,NSE
Swan Defence and Heavy Industries Limited,NSE
Swaraj Engines Limited,NSE
Swelect Energy Systems Limited,NSE
Swiggy Limited,NSE
Sterling and Wilson Renewable Energy Limited,NSE
Symphony Limited,NSE
Syncom Formulations (India) Limited,NSE
Syngene International Limited,NSE
Syrma SGS Technology Limited,NSE
Systematix Corporate Services Limited,NSE
Tainwala Chemical and Plastic (I) Limited,NSE
Taj GVK Hotels & Resorts Limited,NSE
Take Solutions Limited,NSE
Talbros Automotive Components Limited,NSE
Tanla Platforms Limited,NSE
Tara Chand InfraLogistic Solutions Limited,NSE
Tarapur Transformers Limited,NSE
TARC Limited,NSE
Transformers And Rectifiers (India) Limited,NSE
Tarmat Limited,NSE
Tarsons Products Limited,NSE
Tasty Bite Eatables Limited,NSE
Tata Capital Limited,NSE
Tata Chemicals Limited,NSE
Tata Communications Limited,NSE
TATA CONSUMER PRODUCTS LIMITED,NSE
Tata Elxsi Limited,NSE
Tata Investment Corporation Limited,NSE
Tata Power Company Limited,NSE
Tata Steel Limited,NSE
Tata Technologies Limited,NSE
Tatva Chintan Pharma Chem Limited,NSE
TBO Tek Limited,NSE
Tribhovandas Bhimji Zaveri Limited,NSE
Transport Corporation of India Limited,NSE
TCI Express Limited,NSE
TCI Finance Limited,NSE
TCPL Packaging Limited,NSE
Tata Consultancy Services Limited,NSE
TD Power Systems Limited,NSE
Team India Guaranty Limited,NSE
Teamlease Services Limited,NSE
Tech Mahindra Limited,NSE
Techno Electric & Engineering Company Limited,NSE
TECIL Chemicals and Hydro Power Limited,NSE
Tega Industries Limited,NSE
Tejas Networks Limited,NSE
Tembo Global Industries Limited,NSE
Tenneco Clean Air India Limited,NSE
Tera Software Limited,NSE
Texmaco Infrastructure & Holdings Limited,NSE
Texmo Pipes and Products Limited,NSE
Texmaco Rail & Engineering Limited,NSE
Tourism Finance Corporation of India Limited,NSE
Transwarranty Finance Limited,NSE
TGB Banquets And Hotels Limited,NSE
Thangamayil Jewellery Limited,NSE
The Investment Trust Of India Limited,NSE
Thejo Engineering Limited,NSE
Leela Palaces Hotels & Resorts Limited,NSE
Themis Medicare Limited,NSE
Thermax Limited,NSE
Thomas Cook  (India)  Limited,NSE
Thomas Scott (India) Limited,NSE
Thyrocare Technologies Limited,NSE
Tilaknagar Industries Limited,NSE
Twamev Construction and Infrastructure Limited,NSE
Tiger Logistics (India) Limited,NSE
Technocraft Industries (India) Limited,NSE
Tube Investments of India Limited,NSE
Tijaria Polypipes Limited,NSE
TIL Limited,NSE
Time Technoplast Limited,NSE
Timken India Limited,NSE
Tinna Rubber and Infrastructure Limited,NSE
Tips Films Limited,NSE
Tips Music Limited,NSE
Thirumalai Chemicals Limited,NSE
Tirupati Forge Limited,NSE
TITAGARH RAIL SYSTEMS LIMITED,NSE
Titan Company Limited,NSE
Tamilnad Mercantile Bank Limited,NSE
Tata Motors Limited,NSE
Tata Motors Passenger Vehicles Limited,NSE
Tamilnadu PetroProducts Limited,NSE
Tamil Nadu Newsprint & Papers Limited,NSE
Tamilnadu Telecommunication Limited,NSE
Tokyo Plast International Limited,NSE
Tolins Tyres Limited,NSE
Torrent Pharmaceuticals Limited,NSE
Torrent Power Limited,NSE
Total Transport Systems Limited,NSE
Touchwood Entertainment Limited,NSE
Teamo Productions HQ Limited,NSE
TPL Plastech Limited,NSE
Tracxn Technologies Limited,NSE
Transrail Lighting Limited,NSE
TRANSWORLD SHIPPING LINES LIMITED,NSE
Travel Food Services Limited,NSE
Tree House Education & Accessories Limited,NSE
TREJHARA SOLUTIONS LIMITED,NSE
Transindia Real Estate Limited,NSE
Trent Limited,NSE
TRF Limited,NSE
Trident Limited,NSE
Trigyn Technologies Limited,NSE
Triveni Turbine Limited,NSE
Triveni Engineering & Industries Limited,NSE
TruCap Finance Limited,NSE
TruAlt Bioenergy Limited,NSE
TSF INVESTMENTS LIMITED,NSE
TTK Healthcare Limited,NSE
TTK Prestige Limited,NSE
T T Limited,NSE
Tata Teleservices (Maharashtra) Limited,NSE
TVS Electronics Limited,NSE
TVS Holdings Limited,NSE
TVS Motor Company Limited,NSE
TVS Supply Chain Solutions Limited,NSE
TVS Srichakra Limited,NSE
TV Today Network Limited,NSE
TV Vision Limited,NSE
United Breweries Limited,NSE
UCAL LIMITED,NSE
UCO Bank,NSE
Updater Services Limited,NSE
United Foodbrands Limited,NSE
UFLEX Limited,NSE
UFO Moviez India Limited,NSE
The Ugar Sugar Works Limited,NSE
Ugro Capital Limited,NSE
Ujjivan Small Finance Bank Limited,NSE
UltraTech Cement Limited,NSE
Uma Exports Limited,NSE
Usha Martin Education & Solutions Limited,NSE
UMIYA BUILDCON LIMITED,NSE
Unichem Laboratories Limited,NSE
United Drilling Tools Limited,NSE
Unicommerce Esolutions Limited,NSE
Uniphos Enterprises Limited,NSE
Uniinfo Telecom Services Limited,NSE
Unimech Aerospace and Manufacturing Limited,NSE
Union Bank of India,NSE
Uniparts India Limited,NSE
United Spirits Limited,NSE
Unitech Limited,NSE
United Polyfab Gujarat Limited,NSE
The United Nilgiri Tea Estates Company Limited,NSE
Univastu India Limited,NSE
Universal Cables Limited,NSE
Universus Photo Imagings Limited,NSE
UNO Minda Limited,NSE
UPL Limited,NSE
Uravi Defence and Technology Limited,NSE
Urban Company Limited,NSE
Urja Global Limited,NSE
Usha Martin Limited,NSE
Udayshivakumar Infra Limited,NSE
UTI Asset Management Company Limited,NSE
Utkarsh Small Finance Bank Limited,NSE
Fujiyama Power Systems Limited,NSE
Uttam Sugar Mills Limited,NSE
U. Y. Fincorp Limited,NSE
V2 Retail Limited,NSE
Vadilal Industries Limited,NSE
Vaibhav Global Limited,NSE
Vaishali Pharma Limited,NSE
Vakrangee Limited,NSE
Valiant Laboratories Limited,NSE
Valiant Organics Limited,NSE
Vardhman Acrylics Limited,NSE
Vardhman Polytex Limited,NSE
Varroc Engineering Limited,NSE
Vascon Engineers Limited,NSE
Vaswani Industries Limited,NSE
Varun Beverages Limited,NSE
Vaxtex Cotfab Limited,NSE
Vedanta Limited,NSE
Veedol Corporation Limited,NSE
Venky's (India) Limited,NSE
Ventive Hospitality Limited,NSE
Venus Pipes & Tubes Limited,NSE
Venus Remedies Limited,NSE
Veranda Learning Solutions Limited,NSE
Vertoz Limited,NSE
Vesuvius India Limited,NSE
Veto Switchgears And Cables Limited,NSE
VARVEE GLOBAL LIMITED,NSE
V-Guard Industries Limited,NSE
Vardhman Holdings Limited,NSE
Viceroy Hotels Limited,NSE
Vidhi Specialty Food Ingredients Limited,NSE
Vidya Wires Limited,NSE
Vijaya Diagnostic Centre Limited,NSE
Viji Finance Limited,NSE
Vikas EcoTech Limited,NSE
Vikas Lifecare Limited,NSE
Vikram Solar Limited,NSE
Vikran Engineering Limited,NSE
Vimta Labs Limited,NSE
Vinati Organics Limited,NSE
Vintage Coffee And Beverages Limited,NSE
Vindhya Telelinks Limited,NSE
Vineet Laboratories Limited-RE,NSE
Vineet Laboratories Limited,NSE
Vinny Overseas Limited,NSE
Vinyl Chemicals (India) Limited,NSE
VIP Clothing Limited,NSE
VIP Industries Limited,NSE
Vipul Limited,NSE
Virinchi Limited,NSE
Visaka Industries Limited,NSE
Visa Steel Limited,NSE
Vishnu Chemicals Limited,NSE
Vishwaraj Sugar Industries Limited,NSE
Visagar Polytex Limited,NSE
Vivimed Labs Limited,NSE
VL E-Governance & IT Solutions Limited,NSE
VLS Finance Limited,NSE
V-Mart Retail Limited,NSE
Vishal Mega Mart Limited,NSE
VMS TMT Limited,NSE
Voltamp Transformers Limited,NSE
Voltas Limited,NSE
Vishnu Prakash R Punglia Limited,NSE
Vraj Iron and Steel Limited,NSE
VRL Logistics Limited,NSE
Vardhman Special Steels Limited,NSE
VST Industries Limited,NSE
Vibhor Steel Tubes Limited,NSE
V.S.T Tillers Tractors Limited,NSE
Vardhman Textiles Limited,NSE
Waaree Energies Limited,NSE
Indosolar Limited,NSE
Waaree Renewable Technologies Limited,NSE
VA Tech Wabag Limited,NSE
Wakefit Innovations Limited,NSE
Walchandnagar Industries Limited,NSE
Wanbury Limited,NSE
Western Carriers (India) Limited,NSE
Wealth First Portfolio Managers Limited,NSE
Websol Energy System Limited,NSE
Weizmann Limited,NSE
Wonder Electricals Limited,NSE
Welspun Corp Limited,NSE
Welspun Enterprises Limited,NSE
Welspun Investments and Commercials Limited,NSE
Welspun Living Limited,NSE
Wendt (India) Limited,NSE
WESTLIFE FOODWORLD LIMITED,NSE
WE WIN LIMITED,NSE
WeWork India Management Limited,NSE
Wheels India Limited,NSE
Whirlpool of India Limited,NSE
Williamson Magor & Company Limited,NSE
Windlas Biotech Limited,NSE
Windsor Machines Limited,NSE
Winsome Yarns Limited,NSE
The Western India Plywoods Limited,NSE
Wipro Limited,NSE
Wockhardt Limited,NSE
Wonderla Holidays Limited,NSE
Worth Peripherals Limited,NSE
W S Industries (I) Limited,NSE
West Coast Paper Mills Limited,NSE
Xchanging Solutions Limited,NSE
Xelpmoc Design And Tech Limited,NSE
Xpro India Limited,NSE
Xtglobal Infotech Limited,NSE
Yasho Industries Limited,NSE
Yatharth Hospital & Trauma Care Services Limited,NSE
Yatra Online Limited,NSE
Yes Bank Limited,NSE
Yuken India Limited,NSE
Zaggle Prepaid Ocean Services Limited,NSE
Zee Entertainment Enterprises Limited,NSE
Zee Learn Limited,NSE
Zee Media Corporation Limited,NSE
Zenith Exports Limited,NSE
Zenith Steel Pipes & Industries Limited,NSE
Zensar Technologies Limited,NSE
Zen Technologies Limited,NSE
ZF Commercial Vehicle Control Systems India Limited,NSE
Zim Laboratories Limited,NSE
Zodiac Energy Limited,NSE
Zodiac Clothing Company Limited,NSE
Zota Health Care LImited,NSE
Zuari Agro Chemicals Limited,NSE
ZUARI INDUSTRIES LIMITED,NSE
Zydus Lifesciences Limited,NSE
Zydus Wellness Limited,NSE
7Seas Entertainment Ltd,BSE
A.F. Enterprises Ltd,BSE
Aadhaar Ventures India Ltd,BSE
Aar Shyam India Investment Company Ltd,BSE
AARV Infratel Ltd,BSE
ABC Gas International Ltd,BSE
ABG Shipyard Ltd,BSE
Abhinav Leasing & Finance Ltd,BSE
Abhishek Corporation Ltd,BSE
Abhishek Finlease Ltd,BSE
Abhishek Infraventures Ltd,BSE
Abirami Financial Services India Ltd,BSE
Ace Men Engg Works Ltd,BSE
Achal Investments Ltd,BSE
ACIL Cotton Industries Ltd,BSE
Acrow India Ltd,BSE
Action Financial Services India Ltd,BSE
Adarsh Mercantile Ltd,BSE
Adarsh Plant Protect Ltd,BSE
Adharshila Capital Services Ltd,BSE
Adinath Textiles Ltd,BSE
Aditri Industries Ltd,BSE
Ador Multiproducts Ltd,BSE
Advance Petrochemicals Ltd,BSE
Advance PowerInfra Tech Ltd,BSE
Advanced Micronic Devices Ltd,BSE
Agio Paper & Industries Ltd,BSE
Ajcon Global Services Ltd,BSE
Ajwa Fun World & Resort Ltd,BSE
Lesha Industries Ltd,BSE
Alchemist Ltd,BSE
Alfavision Overseas India Ltd,BSE
Alka Diamond Industries Ltd,BSE
Alka Securities Ltd,BSE
Alps Industries Ltd,BSE
Alps Motor Finance Ltd,BSE
Amani Trading & Exports Ltd,BSE
Amarnath Securities Ltd,BSE
Amit Spinning Industries Ltd,BSE
Amradeep Industries Ltd,BSE
Aneri Fincap Ltd,BSE
ANG Industries Ltd,BSE
Anka India Ltd,BSE
Ankit Metal & Power Ltd,BSE
Anubhav Industrial Resources Ltd,BSE
Apple Finance Ltd,BSE
Apunka Invest Commercial Ltd,BSE
Aravali Securities & Finance Ltd,BSE
Arcuttipore Tea Company Ltd,BSE
Ardi Investments & Trading Company Ltd,BSE
Inland Printers Ltd,BSE
Arman Holdings Ltd,BSE
Artson Engineering Ltd,BSE
Aruna Hotels Ltd,BSE
Aryan Share and Stock Brokers Ltd,BSE
Asahi Industries Ltd,BSE
Ashiana Agro Industries Ltd,BSE
Ashirwad Steels & Industries Ltd,BSE
Ashutosh Paper Mills Ltd,BSE
Asia Pack Ltd,BSE
Asian Flora Ltd,BSE
Asian Petroproducts & Exports Ltd,BSE
Asis Logistics Ltd,BSE
Aspira Pathlab & Diagnostics Ltd,BSE
Atharv Enterprises Ltd,BSE
Athena Global Technologies Ltd,BSE
ATN International Ltd,BSE
Autoriders Finance Ltd,BSE
Aviva Industries Ltd,BSE
Avon Lifesciences Ltd,BSE
Ayoki Mercantile Ltd,BSE
B. P. Capital Ltd,BSE
B2B Software Technologies Ltd,BSE
Bacil Pharma Ltd,BSE
Bagadia Colourchem Ltd,BSE
Bansisons Tea Industries Ltd,BSE
Baroda Extrusion Ltd,BSE
Baron Infotech Ltd,BSE
Beeyu Overseas Ltd,BSE
Best Eastern Hotels Ltd,BSE
Bhagyashree Leasing & Finance Ltd,BSE
Bhanot Construction & Housing Ltd,BSE
Alan Scott Industries Ltd,BSE
Bilpower Ltd,BSE
Binny Mills Ltd,BSE
Birdhi Chand Pannalal Agencies Ltd,BSE
Birla Cotsyn (India) Ltd,BSE
Bisil Plast Ltd,BSE
Bits Ltd,BSE
BKV Industries Ltd,BSE
Bloom Dekor Ltd,BSE
Bloom Industries Ltd,BSE
Blue Chip India Ltd,BSE
Blue Circle Services Ltd,BSE
Blue Cloud Softech Solutions Ltd,BSE
Blue Pearl Texspin Ltd,BSE
Bluechip Stockspin Ltd,BSE
BNR Udyog Ltd,BSE
Bombay Potteries & Tiles Ltd,BSE
Bonanza Industries Ltd,BSE
Boston Leasing and Finance Ltd,BSE
Boston Teknowsys (India) Ltd,BSE
Brand Realty Services Ltd,BSE
Bridge Securities Ltd,BSE
Brijlaxmi Leasing & Finance Ltd,BSE
BWL Ltd,BSE
California Software Company Ltd,BSE
Cals Refineries Ltd,BSE
Canopy Finance Ltd,BSE
Caprolactam Chemicals Ltd,BSE
Centerac Technologies Ltd,BSE
Central Provinces Railways Company Ltd,BSE
Chamak Holdings Ltd,BSE
Chandrima Mercantiles Ltd,BSE
Charms Industries Ltd,BSE
Chase Bright Steel Ltd,BSE
Chennai Ferrous Industries Ltd,BSE
Chitradurga Spintex Ltd,BSE
CHPL Industries Ltd,BSE
Cindrella Financial Services Ltd,BSE
Cinerad Communications Ltd,BSE
CISTRO Telelink Ltd,BSE
Citi Port Financial Services Ltd,BSE
Citizen Yarns Ltd,BSE
Cityman Ltd,BSE
Classic Filaments Ltd,BSE
CNI Research Ltd,BSE
Cochin Malabar Estates & Industries Ltd,BSE
Combat Drugs Ltd,BSE
Commex Technology Ltd,BSE
Concrete Credit Ltd,BSE
Consecutive Investment & Trading Company Ltd,BSE
Continental Controls Ltd,BSE
Continental Securities Ltd,BSE
Corporate Merchant Bankers Ltd,BSE
Cosboard Industries Ltd,BSE
Coventry Coil-O-Matic Haryana Ltd,BSE
Crazy Infotech Ltd,BSE
Crescent Leasing Ltd,BSE
Crestchem Ltd,BSE
Cura Technologies Ltd,BSE
Cyberscape Multimedia Ltd,BSE
Dalmia Industrial Development Ltd,BSE
Unimode Overseas Ltd,BSE
Datasoft Application Software India Ltd,BSE
Datiware Maritime Infra Ltd,BSE
Dazzel Confindive Ltd,BSE
DCM Financial Services Ltd,BSE
Deccan Bearings Ltd,BSE
Decillion Finance Ltd,BSE
Decorous Investment & Trading Co Ltd,BSE
Deepti Alloy Steel Ltd,BSE
Delta Industrial Resources Ltd,BSE
Delton Cables Ltd,BSE
Woodsvilla Ltd,BSE
Devhari Exports (India) Ltd,BSE
Devine Impex Ltd,BSE
Dharani Finance Ltd,BSE
Dhruv Estates Ltd,BSE
Dhruva Capital Services Ltd,BSE
Dion Global Solutions Ltd,BSE
Disha Resources Ltd,BSE
Divinus Fabrics Ltd,BSE
DMC Education Ltd,BSE
DSJ Communications Ltd,BSE
Dwitiya Trading Ltd,BSE
e.com Infotech India Ltd,BSE
East Buildtech Ltd,BSE
Eastcoast Steel Ltd,BSE
Eastern Silk Industries Ltd,BSE
Ecoboard Industries Ltd,BSE
Educomp Solutions Ltd,BSE
Ejecta Marketing Ltd,BSE
Ekam Leasing & Finance Company Ltd,BSE
Elango Industries Ltd,BSE
EMA India Ltd,BSE
Emed.com Technologies Ltd,BSE
Emerald Leisures Ltd,BSE
Emmsons International Ltd,BSE
Empee Sugars & Chemicals Ltd,BSE
EPIC Energy Ltd,BSE
Epsom Properties Ltd,BSE
Escorts Finance Ltd,BSE
Esha Media Research Ltd,BSE
Eskay KnIT India Ltd,BSE
Essar Securities Ltd,BSE
Euro Asia Exports Ltd,BSE
Euro Ceramics Ltd,BSE
Euro Multivision Ltd,BSE
Evergreen Textiles Ltd,BSE
Everlon Synthetics Ltd,BSE
Explicit Finance Ltd,BSE
F Mec International Financial Services Ltd,BSE
Facor Steels Ltd,BSE
FGP Ltd,BSE
Filmcity Media Ltd,BSE
Fine Line Circuits Ltd,BSE
Flora Corporation Ltd,BSE
Flora Textiles Ltd,BSE
Fortune International Ltd,BSE
Fourth Generation Information Systems Ltd,BSE
Fraser and Company Ltd,BSE
Frontier Capital Ltd,BSE
Frontier Informatics Ltd,BSE
Fruition Venture Ltd,BSE
Futuristic Securities Ltd,BSE
ISL Consulting Ltd,BSE
Gagan Gases Ltd,BSE
Gajanan Securities Services Ltd,BSE
Gajra Bevel Gears Ltd,BSE
Galada Finance Ltd,BSE
Galada Power & Telecommunication Ltd,BSE
Galaxy Cloud Kitchens Ltd,BSE
Ganesh Holdings Ltd,BSE
Gangotri Iron & Steel Company Ltd,BSE
Garg Furnace Ltd,BSE
Garware Synthetics Ltd,BSE
Gayatri BioOrganics Ltd,BSE
Gayatri Tissue & Papers Ltd,BSE
GDL Leasing & Finance Ltd,BSE
Gemini Communication Ltd,BSE
Danube Industries Ltd,BSE
Genesis Ibrc India Ltd,BSE
Genus Commu Trade Ltd,BSE
Girdharilal Sugar & Allied Industries Ltd,BSE
GK Consultants Ltd,BSE
Global Land Masters Corporation Ltd,BSE
Globe Commercials Ltd,BSE
Globus Corpooration Ltd,BSE
Gold Coin Health Foods Ltd,BSE
Golden Capital Services Ltd,BSE
Golden Carpets Ltd,BSE
Gontermann Peipers India Ltd,BSE
Gopal Iron & Steels Company Gujarat Ltd,BSE
Govind Rubber Ltd,BSE
Goyal Associates Ltd,BSE
GR Cables Ltd,BSE
G-Tech Info-Training Ltd,BSE
GTN Textiles Ltd,BSE
Gujarat Carbon & Industries Ltd,BSE
Gujarat Foils Ltd,BSE
Gujarat Lease Financing Ltd,BSE
Gujarat Meditech Ltd,BSE
Gujarat Toolroom Ltd,BSE
Gujchem Distillers India Ltd,BSE
Harmony Capital Service Ltd,BSE
Hazoor Multi Projects Ltd,BSE
HCKK Ventures Ltd,BSE
HealthFore Technologies Ltd,BSE
Heera Ispat Ltd,BSE
Hemang Resources Ltd,BSE
Hemo Organic Ltd,BSE
High Street Filatex Ltd,BSE
Hilton Metal Forging Ltd,BSE
Himalaya Granites Ltd,BSE
Himalchuli Food Products Ltd,BSE
Hindustan Bio Sciences Ltd,BSE
Hindustan Motors Ltd,BSE
Hipolin Ltd,BSE
Hit Kit Global Solutions Ltd,BSE
Hotel Rugby Ltd,BSE
HRB Floriculture Ltd,BSE
Hypersoft Technologies Ltd,BSE
IB Infotech Enterprises Ltd,BSE
ICSA (India) Ltd,BSE
IFL Promoters Ltd,BSE
IGC Industries Ltd,BSE
IITL Projects Ltd,BSE
IKF Technologies Ltd,BSE
IMC Finance Ltd,BSE
Impex Ferro Tech Ltd,BSE
Inceptum Enterprises Ltd,BSE
Incon Engineers Ltd,BSE
Indergiri Finance Ltd,BSE
India Lease Development Ltd,BSE
Indian Bright Steel Company Ltd,BSE
Indo Asia Finance Ltd,BSE
Indo Cotspin Ltd,BSE
Indo Credit Capital Ltd,BSE
Indo-Global Enterprises Ltd,BSE
Indra Industries Ltd,BSE
Indrayani Biotech Ltd,BSE
Indsoya Ltd,BSE
Indus Finance Ltd,BSE
Inertia Steel Ltd,BSE
Infomedia Press Ltd,BSE
Infra Industries Ltd,BSE
Infraquest International Ltd,BSE
Infronics Systems Ltd,BSE
Universal Credit & Securities Ltd,BSE
Innocorp Ltd,BSE
Innovation Software Exports Ltd,BSE
Innoventive Venture Ltd,BSE
Integra Capital Management Ltd,BSE
Integra Garments And Textiles Ltd,BSE
Integra Switchgear Ltd,BSE
Integra Telecommunication & Software Ltd,BSE
Integrated Capital Services Ltd,BSE
Integrated Proteins Ltd,BSE
Integrated Technologies Ltd,BSE
Integrated Thermoplastics Ltd,BSE
Intellivate Capital Advisors Ltd,BSE
Intellivate Capital Ventures Ltd,BSE
Interface Financial Services Ltd,BSE
Interlink Petroleum Ltd,BSE
International Data Management Ltd,BSE
Invicta Meditek Ltd,BSE
IO System Ltd,BSE
I-Power Solutions India Ltd,BSE
Ishaan Infrastructures and Shelters Ltd,BSE
Ishwarshakti Holdings & Traders Ltd,BSE
Generic Pharmasec Ltd,BSE
iStreet Network Ltd,BSE
Jagson Airlines Ltd,BSE
Jaihind Projects Ltd,BSE
Jaihind Synthetics Ltd,BSE
Jain Marmo Industries Ltd,BSE
Jay Energy & S Energies Ltd,BSE
JCT Electronics Ltd,BSE
JD Orgochem Ltd,BSE
JIK Industries Ltd,BSE
Jindal Capital Ltd,BSE
JJ Exporters Ltd,BSE
JRI Industries & Infrastructure Ltd,BSE
JSL Industries Ltd,BSE
Jupiter Industries & Leasing Ltd,BSE
Justride Enterprises Ltd,BSE
Jyoti Ltd,BSE
Jyoti Overseas Ltd,BSE
Jyoti Structures Ltd,BSE
Jyotirgamya Enterprises Ltd,BSE
K K Fincorp Ltd,BSE
Kabra Drugs Ltd,BSE
Kaiser Corporation Ltd,BSE
Kakatiya Textiles Ltd,BSE
Kamron Laboratories Ltd,BSE
Kanel Industries Ltd,BSE
Kapashi Commercial Ltd,BSE
Kapil Cotex Ltd,BSE
Kapil Raj Finance Ltd,BSE
Karan Woo Sin Ltd,BSE
Kartik Investments Trust Ltd,BSE
Katare Spinning Mills Ltd,BSE
Kausambi Vanijya Ltd,BSE
Kavita Fabrics Ltd,BSE
KCCL Plastic Ltd,BSE
KGN Enterprises Ltd,BSE
Khaitan Electricals Ltd,BSE
Khatau Exim Ltd,BSE
Khyati Multimedia Entertainment Ltd,BSE
Kiduja India Ltd,BSE
Kilburn Office Automation Ltd,BSE
Kinetic Trust Ltd,BSE
Kintech Renewables Ltd,BSE
Kiran Print Pack Ltd,BSE
Kiran Syntex Ltd,BSE
K-Lifestyle & Industries Ltd,BSE
KLK Electrical Ltd,BSE
KMG Milk Food Ltd,BSE
Koa Tools India Ltd,BSE
Koffee Break Pictures Ltd,BSE
Kohinoor Broadcasting Corporation Ltd,BSE
Kore Foods Ltd,BSE
Kreon Finnancial Services Ltd,BSE
Kshitij Investments Ltd,BSE
Kunststoffe Industries Ltd,BSE
Kush Industries Ltd,BSE
Lakhotia Polyesters (India) Ltd,BSE
Laser Diamonds Ltd,BSE
Layla Textile and Traders Ltd,BSE
Ledo Tea Company Ltd,BSE
Lee & Nee Softwares Exports Ltd,BSE
Leena Consultancy Ltd,BSE
Arihant Tournesol Ltd,BSE
LGB Forge Ltd,BSE
Linaks Microelectronics Ltd,BSE
LN Industries India Ltd,BSE
Lotus Chocolate Company Ltd,BSE
Lynx Machinery & Commercials Ltd,BSE
Macro International Exports Ltd,BSE
Madhur Industries Ltd,BSE
Mahalaxmi Seamless Ltd,BSE
Mahasagar Travels Ltd,BSE
Mahaveer Infoway Ltd,BSE
Mahavir Industries Ltd,BSE
Mangalya Soft Tech Ltd,BSE
Manraj Housing Finance Ltd,BSE
Manvijay Development Company Ltd,BSE
Margo Finance Ltd,BSE
Marsons Ltd,BSE
Maruti Securities Ltd,BSE
Master Chemicals Ltd,BSE
Mather and Platt Fire Systems Ltd,BSE
Mavi Industries Ltd,BSE
Mayukh Dealtrade Ltd,BSE
Bijoy Hans Ltd,BSE
Mayur Leather Products Ltd,BSE
MB Parikh Finstocks Ltd,BSE
Medico Intercontinental Ltd,BSE
Meenakshi Steel Industries Ltd,BSE
Mefcom Agro Industries Ltd,BSE
Mega Fin India Ltd,BSE
Meglon Infra-Real (India) Ltd,BSE
Mehta Housing Finance Ltd,BSE
Mehta Securities Ltd,BSE
Melstar Information Technologies Ltd,BSE
Mena Mani Industries Ltd,BSE
Mercury Metals Ltd,BSE
Mercury Trade Links Ltd,BSE
Mesco Pharmaceuticals Ltd,BSE
Metkore Alloys & Industries Ltd,BSE
Mewat Zinc Ltd,BSE
MFL India Ltd,BSE
MFS Intercorp Ltd,BSE
Microse India Ltd,BSE
Mid East Portfolio Management Ltd,BSE
Mid India Industries Ltd,BSE
Midwest Gold Ltd,BSE
Milgrey Finance & Investments Ltd,BSE
Millennium Online Solutions ( India ) Ltd,BSE
Mini Diamonds India Ltd,BSE
Mipco Seamless Rings Gujarat Ltd,BSE
Mirch Technologies (India) Ltd,BSE
Mobile Tele Communications Ltd,BSE
Modern Dairies Ltd,BSE
Modern Steels Ltd,BSE
Modipon Ltd,BSE
Monnet Industries Ltd,BSE
Monotype India Ltd,BSE
Moongipa Securities Ltd,BSE
Morgan Ventures Ltd,BSE
Mount Shivalik Industries Ltd,BSE
MP Agro Industries Ltd,BSE
MPIL Corporation Ltd,BSE
Mpl Plastics Ltd,BSE
Mrugesh Trading Ltd,BSE
Mudunuru Ltd,BSE
Mukat Pipes Ltd,BSE
Multipurpose Trading & Agencies Ltd,BSE
Munoth Capital Markets Ltd,BSE
Munoth Communication Ltd,BSE
Munoth Financial Services Ltd,BSE
My Money Securities Ltd,BSE
Nagarjuna Oil Refinery Ltd,BSE
Nam Securities Ltd,BSE
Narendra Investments (Delhi) Ltd,BSE
Natura Hue Chem Ltd,BSE
NB Footwear Ltd,BSE
NCC Finance Ltd,BSE
Neelkanth Rockminerals Ltd,BSE
Negotium International Trade Ltd,BSE
Neo Infracon Ltd,BSE
Neogem India Ltd,BSE
Netlink Solutions India Ltd,BSE
Network Ltd,BSE
Neueon Towers Ltd,BSE
New Markets Advisory Ltd,BSE
Springform Technology Ltd,BSE
Nexus Commodities And Technologies Ltd,BSE
Nicco Corporation Ltd,BSE
Nicco Uco Alliance Credit Ltd,BSE
Nidhi Granites Ltd,BSE
Nimbus Foods Industries Ltd,BSE
Nishtha Finance and Investment (India) Ltd,BSE
Nitin Fire Protection Industries Ltd,BSE
Nivi Trading Ltd,BSE
Noble Polymers Ltd,BSE
Noesis Industries Ltd,BSE
Norris Medicines Ltd,BSE
Northlink Fiscal and Capital Services Ltd,BSE
Nouveau Global Ventures Ltd,BSE
Nova Publications India Ltd,BSE
NovaGold Petro Resources Ltd,BSE
Nutricircle Ltd,BSE
Nuway Organic Naturals India Ltd,BSE
Oasis Tradelink Ltd,BSE
Octal Credit Capital Ltd,BSE
Omansh Enterprises Ltd,BSE
Omega Ag-Seeds Punjab Ltd,BSE
Omkar Overseas Ltd,BSE
Omkar Pharmachem Ltd,BSE
Omnitex Industries India Ltd,BSE
Onesource Ideas Venture Ltd,BSE
Ontic Finserve Ltd,BSE
Oracle Credit Ltd,BSE
Organic Coatings Ltd,BSE
Orosil Smiths India Ltd,BSE
Oscar Investments Ltd,BSE
Deltron Ltd,BSE
Oswal Overseas Ltd,BSE
Oswal Yarns Ltd,BSE
OTCO International Ltd,BSE
Oxford Industries Ltd,BSE
Ozone World Ltd,BSE
Pact Industries Ltd,BSE
Padam Cotton Yarns Ltd,BSE
Palco Metals Ltd,BSE
Palsoft Infosystems Ltd,BSE
Pan Electronics India Ltd,BSE
Panafic Industrials Ltd,BSE
Pankaj Polymers Ltd,BSE
Panyam Cements & Mineral Industries Ltd,BSE
Paos Industries Ltd,BSE
Parabolic Drugs Ltd,BSE
Paras Petrofils Ltd,BSE
Pariksha Fin- Invest- Lease Ltd,BSE
Parker Agrochem Exports Ltd,BSE
Parmax Pharma Ltd,BSE
QGO Finance Ltd,BSE
Parsharti Investment Ltd,BSE
Parth Industries Ltd,BSE
Pasupati Fincap Ltd,BSE
Pawansut Holdings Ltd,BSE
Pazel International Ltd,BSE
Pennar Aluminium Company Ltd,BSE
Petron Engineering Construction Ltd,BSE
PH Capital Ltd,BSE
PH Trading Ltd,BSE
Pharmaids Pharmaceuticals Ltd,BSE
Photoquip India Ltd,BSE
Phyto Chem India Ltd,BSE
Pincon Lifestyle Ltd,BSE
Piramal Phytocare Ltd,BSE
Pithampur Poly Products Ltd,BSE
Planters Polysacks Ltd,BSE
Polytex India Ltd,BSE
Prabhav Industries Ltd,BSE
Pradip Overseas Ltd,BSE
Pratik Panels Ltd,BSE
Gaekwar Mills Ltd,BSE
Premier Ltd,BSE
Prime Industries Ltd,BSE
Prism Finance Ltd,BSE
Prism Medico and Pharmacy Ltd,BSE
Procal Electronics India Ltd,BSE
Progressive Extractions & Exports Ltd,BSE
Provogue (India) Ltd,BSE
Mayur Floorings Ltd,BSE
Punit Commercials Ltd,BSE
Quantum Build-Tech Ltd,BSE
Quasar India Ltd,BSE
Quest Softech (India) Ltd,BSE
Quintegra Solutions Ltd,BSE
Raaj Medisafe India Ltd,BSE
Raghunath International Ltd,BSE
Rahul Merchandising Ltd,BSE
Rainbow Foundations Ltd,BSE
Rainbow Papers Ltd,BSE
Raj Rayon Industries Ltd,BSE
Rajasthan Gases Ltd,BSE
Rajasthan Petro Synthetics Ltd,BSE
Rajath Finance Ltd,BSE
Rajeswari Infrastructure Ltd,BSE
Rajkamal Synthetics Ltd,BSE
Rajputana Investment and Finance Ltd,BSE
Rajsanket Realty Ltd,BSE
Rajvir Industries Ltd,BSE
Ramsarup Industries Ltd,BSE
Rander Corporation Ltd,BSE
Rasoya Proteins Ltd,BSE
Ratnamani Agro Industries Ltd,BSE
Raymed Labs Ltd,BSE
RB Gupta Financials Ltd,BSE
RCC Cements Ltd,BSE
Real News & Views Ltd,BSE
Redex Protech Ltd,BSE
Regal Entertainment & Consultants Ltd,BSE
Regaliaa Realty Ltd,BSE
Regency Trust Ltd,BSE
Rekvina Laboratories Ltd,BSE
Response Informatics Ltd,BSE
Resurgere Mines & Minerals India Ltd,BSE
Retro Green Revolution Ltd,BSE
Richa Industries Ltd,BSE
Richirich Inventures Ltd,BSE
Riga Sugar Company Ltd,BSE
Rishab Special Yarns Ltd,BSE
Rohit Ferro-Tech Ltd,BSE
Roselabs Finance Ltd,BSE
Rotographics (India) Ltd,BSE
Roxy Exports Ltd,BSE
Royal Cushion Vinyl Products Ltd,BSE
RSC International Ltd,BSE
RT Exports Ltd,BSE
Rubra Medicaments Ltd,BSE
Ruchika Industries India Ltd,BSE
S Kumars.Com Ltd,BSE
S T Services Ltd,BSE
SAB Events & Governance Now Media Ltd,BSE
Sabrimala Industries India Ltd,BSE
Sadbhav Infrastructure Project Ltd,BSE
Safal Herbs Ltd,BSE
Safal Securities Ltd,BSE
Sagar Productions Ltd,BSE
Oswal Leasing Ltd,BSE
Prem Somani Financial Services Ltd,BSE
Sagar Tourist Resorts Ltd,BSE
Sai Industries Ltd,BSE
Sai Moh Auto Links Ltd,BSE
Samtel India Ltd,BSE
Samtex Fashions Ltd,BSE
Sanathnagar Enterprises Ltd,BSE
Sang Froid Labs (India) Ltd,BSE
Sangam Renewables Ltd,BSE
Sanghi Corporate Services Ltd,BSE
Sanjivani Paranteral Ltd,BSE
Santosh Fine Fab Ltd,BSE
Saptarishi Agro Industries Ltd,BSE
Sarda Papers Ltd,BSE
Sarda Proteins Ltd,BSE
Savani Financials Ltd,BSE
Savant Infocomm Ltd,BSE
SC Agrotech Ltd,BSE
Scandent Imaging Ltd,BSE
Schablona India Ltd,BSE
Scintilla Commercial & Credit Ltd,BSE
Sea Gold Aqua Farms Ltd,BSE
Sea TV Network Ltd,BSE
Seasons Furnishings Ltd,BSE
Secunderabad Healthcare Ltd,BSE
Sellwin Traders Ltd,BSE
Senbo Industries Ltd,BSE
Senthil Infotek Ltd,BSE
Servoteach Industries Ltd,BSE
Sezal Glass Ltd,BSE
SFL International Ltd,BSE
Sai Capital Ltd,BSE
Shaba Chemicals Ltd,BSE
Shalimar Agencies Ltd,BSE
Shantai Industries Ltd,BSE
Sharanam Infraproject and Trading Ltd,BSE
Sharp India Ltd,BSE
Sharp Investments Ltd,BSE
Shashank Traders Ltd,BSE
Shekhawati Poly Yarn Ltd,BSE
Sheshadri Industries Ltd,BSE
Shah Construction Company Ltd,BSE
Shilpi Cable Technologies Ltd,BSE
Shiva Medicare Ltd,BSE
Shivagrico Implements Ltd,BSE
Shivamshree Businesses Ltd,BSE
Shree Bhawani Paper Mills Ltd,BSE
Shree Ganesh Biotech (India) Ltd,BSE
Shree Ganesh Elastoplast Ltd,BSE
Shree Ganesh Forgings Ltd,BSE
Shree Manufacturing Company Ltd,BSE
Shree Nidhi Trading Co. Ltd,BSE
Shree Pacetronix Ltd,BSE
Shree Salasar Investments Ltd,BSE
Shreyas Intermediates Ltd,BSE
Shri Niwas Leasing And Finance Ltd,BSE
Shricon Industries Ltd,BSE
Shriram Asset Management Company Ltd,BSE
Shukra Bullions Ltd,BSE
Shyam Telecom Ltd,BSE
Shyama Infosys Ltd,BSE
Shyamkamal Investments Ltd,BSE
Siddha Ventures Ltd,BSE
Sidh Automobiles Ltd,BSE
Siel Financial Services Ltd,BSE
Sikozy Realtors Ltd,BSE
Silicon Valley Infotech Ltd,BSE
Silver Oak India Ltd,BSE
Silveroak Commercials Ltd,BSE
Silverpoint Infratech Ltd,BSE
Simplex Mills Company Ltd,BSE
Simplex Papers Ltd,BSE
Specular Marketing & Financing Ltd,BSE
Sinnar Bidi Udyog Ltd,BSE
SIP Industries Ltd,BSE
Sir Shadi Lal Enterprises Ltd,BSE
Sita Shree Food Products Ltd,BSE
Skyline Ventures India Ltd,BSE
SM Energy Teknik & Electronics Ltd,BSE
Smiths & Founders (India) Ltd,BSE
SMS Techsoft (India) Ltd,BSE
Sobhagya Mercantile Ltd,BSE
Sofcom Systems Ltd,BSE
Softbpo Global Services Ltd,BSE
Solid Carbide Tools Ltd,BSE
Solis Marketing Ltd,BSE
Soma Textiles & Industries Ltd,BSE
Sonal Adhesives Ltd,BSE
Soni Medicare Ltd,BSE
Source Industries (India) Ltd,BSE
South Asian Enterprises Ltd,BSE
Southern Ispat and Energy Ltd,BSE
Southern Latex Ltd,BSE
Southern Online Bio Technologies Ltd,BSE
Sowbhagya Media Ltd,BSE
SP Capital Financing Ltd,BSE
Sparc Systems Ltd,BSE
Sparkling (India) Finshares Ltd,BSE
Speciality Papers Ltd,BSE
Spectra Industries Ltd,BSE
Spectrum Foods Ltd,BSE
Suvidha Infraestate Corporation Ltd,BSE
Spentex Industries Ltd,BSE
Spice Islands Apparels Ltd,BSE
Spring Fields Infraventure Ltd,BSE
Square Four Projects India Ltd,BSE
SR Industries Ltd,BSE
Cella Space Ltd,BSE
Sreechem Resins Ltd,BSE
Sri Lakshmi Saraswathi Textiles Arni Ltd,BSE
Sri Ramakrishna Mills Coimbatore Ltd,BSE
Sri Vajra Granites Ltd,BSE
SRM Energy Ltd,BSE
SS Organics Ltd,BSE
Standard Shoe Sole and Mould (India) Ltd,BSE
Starlit Power Systems Ltd,BSE
Steel Strips Infrastructures Ltd,BSE
Steelco Gujarat Ltd,BSE
Stellant Securities (India) Ltd,BSE
Sterling Guaranty & Finance Ltd,BSE
Sterling Powergensys Ltd,BSE
Subhash Silk Mills Ltd,BSE
Sudal Industries Ltd,BSE
Sujala Trading & Holdings Ltd,BSE
Sujana Universal Industries Ltd,BSE
Sumeru Industries Ltd,BSE
Sun Source India Ltd,BSE
Sunbright Stock Broking Ltd,BSE
Sungold Capital Ltd,BSE
Sunitee Chemicals Ltd,BSE
Sunraj Diamond Exports Ltd,BSE
Super Domestic Machines Ltd,BSE
Superb Papers Ltd,BSE
Superior Finlease Ltd,BSE
Supra Pacific Management Consultancy Ltd,BSE
Supra Trends Ltd,BSE
Supremex Shine Steels Ltd,BSE
Surana Corporation Ltd,BSE
Suryachakra Power Corporation Ltd,BSE
Suryakrupa Finance Ltd,BSE
Suryo Foods & Industries Ltd,BSE
Terraform Magnum Ltd,BSE
SVA India Ltd,BSE
Svarnim Trade Udyog Ltd,BSE
Swagruha Infrastructure Ltd,BSE
Swarna Securities Ltd,BSE
Sword & Shield Pharma Ltd,BSE
Syncom Healthcare Ltd,BSE
T Spiritual World Ltd,BSE
Tamilnadu Jai Bharath Mills Ltd,BSE
Tara Jewels Ltd,BSE
Tarai Foods Ltd,BSE
TCI Industries Ltd,BSE
Terraform Realstate Ltd,BSE
Tivoli Construction Ltd,BSE
Thakral Services India Ltd,BSE
Thambbi Modern Spinning Mills Ltd,BSE
Thirdwave Financial Intermediaries Ltd,BSE
Thomas Scott (India) Ltd,BSE
Tirupati Fincorp Ltd,BSE
Tirupati Tyres Ltd,BSE
Transoceanic Properties Ltd,BSE
Total Exports Ltd,BSE
Towa Sokki Ltd,BSE
TPI India Ltd,BSE
Trans Asia Corporation Ltd,BSE
Trans Financial Resources Ltd,BSE
Trans Freight Containers Ltd,BSE
Transglobe Foods Ltd,BSE
Twin Roses Trades & Agencies Ltd,BSE
TRC Financial Services Ltd,BSE
Tribhuvan Housing Ltd,BSE
Tricom Fruit Products Ltd,BSE
Trident Tools Ltd,BSE
Trijal Industries Ltd,BSE
Trimurthi Ltd,BSE
Trishakti Electronics & Industries Ltd,BSE
Triton Corp Ltd,BSE
Triveni Enterprises Ltd,BSE
Trombo Extractions Ltd,BSE
TSL Industries Ltd,BSE
Tulasee Bio Ethanol Ltd,BSE
Tulip Star Hotels Ltd,BSE
Tulsi Extrusions Ltd,BSE
Modulex Construction Technologies Ltd,BSE
Tuticorin Alkali Chemicals & Fertilisers Ltd,BSE
Pulsar International Ltd,BSE
Typhoon Financial Services Ltd,BSE
Typhoon Holdings Ltd,BSE
Sagar Systech Ltd,BSE
United Textiles Ltd,BSE
Unity Infraprojects Ltd,BSE
Universal Arts Ltd,BSE
Shikhar Leasing & Trading Ltd,BSE
Uniworth Ltd,BSE
USG Tech Solutions Ltd,BSE
Ushdev International Ltd,BSE
Usher Agro Ltd,BSE
Vaishno Cement Company Ltd,BSE
Vallabh Poly Plast International Ltd,BSE
Vani Commercials Ltd,BSE
Vantage Knowledge Academy Ltd,BSE
Vardhaman Laboratories Ltd,BSE
Vardhman Concrete Ltd,BSE
Vardhman Polytex Ltd,BSE
Vas Infrastructure Ltd,BSE
Vax Housing Finance Corporation Ltd,BSE
VCCL Ltd,BSE
VCK Capital Market Services Ltd,BSE
Venlon Enterprises Ltd,BSE
Ventura Textiles Ltd,BSE
Venus Universal Ltd,BSE
Vertical Industries Ltd,BSE
Viceroy Hotels Ltd,BSE
Victory Paper & Boards India Ltd,BSE
Vikalp Securities Ltd,BSE
Vimal Oil & Foods Ltd,BSE
Vinaditya Trading Company Ltd,BSE
Vintage Securities Ltd,BSE
Vintron Informatics Ltd,BSE
Virgo Global Ltd,BSE
Virtualsoft Systems Ltd,BSE
Visco Trade Associates Ltd,BSE
Vishvprabha Ventures Ltd,BSE
Vision Cinemas Ltd,BSE
Vistar Amar Ltd,BSE
Visu International Ltd,BSE
Vitan Agro Industries Ltd,BSE
Vivanza Biosciences Ltd,BSE
Voltaire Leasing & Finance Ltd,BSE
VR Woodart Ltd,BSE
VSF Projects Ltd,BSE
W. S. Industries (India) Ltd,BSE
Welcure Drugs & Pharmaceuticals Ltd,BSE
Wellesley Corporation Ltd,BSE
Welterman International Ltd,BSE
Williamson Financial Services Ltd,BSE
Winsome Diamonds and Jewellery Ltd,BSE
Winy Commercial & Fiscal Services Ltd,BSE
Wisec Global Ltd,BSE
Women Networks Ltd,BSE
Sindu Valley Technologies Ltd,BSE
Worth Investment & Trading Co Ltd,BSE
XL Energy Ltd,BSE
Yantra Natural Resources Ltd,BSE
Yarn Syndicate Ltd,BSE
Sunedison Infrastructure Ltd,BSE
Yuranus Infrastructure Ltd,BSE
Yuvraaj Hygiene Products Ltd,BSE
Zenith Birla (India) Ltd,BSE
Zenith Capitals Ltd,BSE
Zicom Electronic Security Systems Ltd,BSE
Zylog Systems Ltd,BSE
